Date,N,windows_1,scaled_windows_1,MSE_lstm_1,RMSE_lstm_1,bootstrap_strategy,num_bootstrap,alpha,n_0,jump
0,0.0,10.0,1.0,0.0,0.0,load_precomputed,200,0.95,75,10
1,0.0,20.0,1.0,0.0,0.0,load_precomputed,200,0.95,75,10
2,0.0,30.0,1.0,0.0,0.0,load_precomputed,200,0.95,75,10
3,-0.8263876,40.0,1.0,0.0,0.0,load_precomputed,200,0.95,75,10
4,-0.7565534,50.0,1.0,0.0,0.0,load_precomputed,200,0.95,75,10
5,0.99410635,60.0,1.0,0.0,0.0,load_precomputed,200,0.95,75,10
6,1.4759738,70.0,1.0,0.0,0.0,load_precomputed,200,0.95,75,10
7,1.4665073,80.0,1.0,0.0,0.0,load_precomputed,200,0.95,75,10
8,1.030595,90.0,1.0,0.0,0.0,load_precomputed,200,0.95,75,10
9,0.66138494,100.0,1.0,0.0,0.0,load_precomputed,200,0.95,75,10
10,-0.75202537,110.0,1.0,0.0,0.0,load_precomputed,200,0.95,75,10
11,-2.1638772,120.0,1.0,0.0,0.0,load_precomputed,200,0.95,75,10
12,-2.7331438,106.0,0.8153846153846154,0.0,0.0,load_precomputed,200,0.95,75,10
13,-2.1042228,140.0,1.0,0.0,0.0,load_precomputed,200,0.95,75,10
14,-2.0772235,150.0,1.0,0.0,0.0,load_precomputed,200,0.95,75,10
15,-1.8416369,160.0,1.0,0.0,0.0,load_precomputed,200,0.95,75,10
16,-1.0735347,170.0,1.0,0.0,0.0,load_precomputed,200,0.95,75,10
17,-0.5735183,180.0,1.0,0.0,0.0,load_precomputed,200,0.95,75,10
18,0.07437904,190.0,1.0,0.0,0.0,load_precomputed,200,0.95,75,10
19,0.115596704,200.0,1.0,0.0,0.0,load_precomputed,200,0.95,75,10
20,1.0400323,210.0,1.0,0.0,0.0,load_precomputed,200,0.95,75,10
21,0.04897327,220.0,1.0,0.0,0.0,load_precomputed,200,0.95,75,10
22,0.23704545,230.0,1.0,0.0,0.0,load_precomputed,200,0.95,75,10
23,-0.23678519,240.0,1.0,0.0,0.0,load_precomputed,200,0.95,75,10
24,1.2435979,250.0,1.0,0.0,0.0,load_precomputed,200,0.95,75,10
25,0.43662053,260.0,1.0,0.0,0.0,load_precomputed,200,0.95,75,10
26,-0.08450583,270.0,1.0,0.0,0.0,load_precomputed,200,0.95,75,10
27,-0.52512014,280.0,1.0,0.0,0.0,load_precomputed,200,0.95,75,10
28,0.12691885,290.0,1.0,0.0,0.0,load_precomputed,200,0.95,75,10
29,0.5044845,300.0,1.0,0.0,0.0,load_precomputed,200,0.95,75,10
30,-1.1787916,310.0,1.0,0.0,0.0,load_precomputed,200,0.95,75,10
31,-1.3435054,320.0,1.0,0.0,0.0,load_precomputed,200,0.95,75,10
32,-1.0021563,330.0,1.0,0.0,0.0,load_precomputed,200,0.95,75,10
33,-0.28146383,340.0,1.0,0.0,0.0,load_precomputed,200,0.95,75,10
34,1.0921484,350.0,1.0,0.0,0.0,load_precomputed,200,0.95,75,10
35,-0.43720844,360.0,1.0,0.0,0.0,load_precomputed,200,0.95,75,10
36,0.5450673,370.0,1.0,0.0,0.0,load_precomputed,200,0.95,75,10
37,-0.15103151,380.0,1.0,0.0,0.0,load_precomputed,200,0.95,75,10
38,0.31627077,390.0,1.0,0.0,0.0,load_precomputed,200,0.95,75,10
39,1.2019672,400.0,1.0,0.0,0.0,load_precomputed,200,0.95,75,10
40,0.21103133,410.0,1.0,0.0,0.0,load_precomputed,200,0.95,75,10
41,0.5914566,420.0,1.0,0.0,0.0,load_precomputed,200,0.95,75,10
42,1.8648037,430.0,1.0,0.0,0.0,load_precomputed,200,0.95,75,10
43,1.7027352,440.0,1.0,0.0,0.0,load_precomputed,200,0.95,75,10
44,2.4514391,450.0,1.0,0.0,0.0,load_precomputed,200,0.95,75,10
45,1.600315,460.0,1.0,0.0,0.0,load_precomputed,200,0.95,75,10
46,1.6219676,470.0,1.0,0.0,0.0,load_precomputed,200,0.95,75,10
47,0.7328364,480.0,1.0,0.0,0.0,load_precomputed,200,0.95,75,10
48,-0.15713897,490.0,1.0,0.0,0.0,load_precomputed,200,0.95,75,10
49,0.7782691,500.0,1.0,0.0,0.0,load_precomputed,200,0.95,75,10
50,0.19890419,510.0,1.0,0.0,0.0,load_precomputed,200,0.95,75,10
51,0.36684337,520.0,1.0,0.0,0.0,load_precomputed,200,0.95,75,10
52,1.8434714,530.0,1.0,0.0,0.0,load_precomputed,200,0.95,75,10
53,2.464088,540.0,1.0,0.0,0.0,load_precomputed,200,0.95,75,10
54,4.223812,550.0,1.0,0.0,0.0,load_precomputed,200,0.95,75,10
55,3.0650244,560.0,1.0,0.0,0.0,load_precomputed,200,0.95,75,10
56,2.035438,570.0,1.0,0.0,0.0,load_precomputed,200,0.95,75,10
57,3.5071974,150.0,0.25862068965517243,0.0,0.0,load_precomputed,200,0.95,75,10
58,3.926071,300.0,0.5084745762711864,0.0,0.0,load_precomputed,200,0.95,75,10
59,3.0561936,300.0,0.5,0.0,0.0,load_precomputed,200,0.95,75,10
60,1.5199177,610.0,1.0,0.0,0.0,load_precomputed,200,0.95,75,10
61,2.1792853,300.0,0.4838709677419355,0.0,0.0,load_precomputed,200,0.95,75,10
62,3.3410413,300.0,0.47619047619047616,0.0,0.0,load_precomputed,200,0.95,75,10
63,3.9465191,300.0,0.46875,0.0,0.0,load_precomputed,200,0.95,75,10
64,3.1783834,300.0,0.46153846153846156,0.0,0.0,load_precomputed,200,0.95,75,10
65,4.0085936,300.0,0.45454545454545453,0.0,0.0,load_precomputed,200,0.95,75,10
66,3.5488503,300.0,0.44776119402985076,0.0,0.0,load_precomputed,200,0.95,75,10
67,2.3547626,300.0,0.4411764705882353,0.0,0.0,load_precomputed,200,0.95,75,10
68,2.968504,300.0,0.43478260869565216,0.0,0.0,load_precomputed,200,0.95,75,10
69,3.9608612,300.0,0.42857142857142855,0.0,0.0,load_precomputed,200,0.95,75,10
70,2.7381275,300.0,0.4225352112676056,0.0,0.0,load_precomputed,200,0.95,75,10
71,2.9834046,300.0,0.4166666666666667,0.0,0.0,load_precomputed,200,0.95,75,10
72,2.9700713,300.0,0.410958904109589,0.0,0.0,load_precomputed,200,0.95,75,10
73,3.1506608,424.0,0.572972972972973,0.0,0.0,load_precomputed,200,0.95,75,10
74,3.0319924,424.0,0.5653333333333334,0.0,0.0,load_precomputed,200,0.95,75,10
75,1.5651944,424.0,0.5578947368421052,0.0,0.0,load_precomputed,200,0.95,75,10
76,3.3446887,424.0,0.5506493506493506,0.0,0.0,load_precomputed,200,0.95,75,10
77,2.7950215,424.0,0.5435897435897435,0.0,0.0,load_precomputed,200,0.95,75,10
78,1.754956,424.0,0.5367088607594936,0.0,0.0,load_precomputed,200,0.95,75,10
79,1.9923462,424.0,0.53,0.0,0.0,load_precomputed,200,0.95,75,10
80,1.8138301,424.0,0.5234567901234568,0.0,0.0,load_precomputed,200,0.95,75,10
81,1.784903,424.0,0.5170731707317073,0.0,0.0,load_precomputed,200,0.95,75,10
82,0.9040753,424.0,0.5108433734939759,0.0,0.0,load_precomputed,200,0.95,75,10
83,0.04853787,424.0,0.5047619047619047,0.0,0.0,load_precomputed,200,0.95,75,10
84,0.6699693,424.0,0.4988235294117647,0.0,0.0,load_precomputed,200,0.95,75,10
85,-0.68597513,424.0,0.4930232558139535,0.0,0.0,load_precomputed,200,0.95,75,10
86,-0.41297284,424.0,0.48735632183908045,0.0,0.0,load_precomputed,200,0.95,75,10
87,-0.19361068,424.0,0.4818181818181818,0.0,0.0,load_precomputed,200,0.95,75,10
88,-3.02947,600.0,0.6741573033707865,0.0,0.0,load_precomputed,200,0.95,75,10
89,-2.3600433,424.0,0.4711111111111111,0.0,0.0,load_precomputed,200,0.95,75,10
90,-3.4007132,600.0,0.6593406593406593,0.0,0.0,load_precomputed,200,0.95,75,10
91,-3.7949333,600.0,0.6521739130434783,0.0,0.0,load_precomputed,200,0.95,75,10
92,-2.9576232,600.0,0.6451612903225806,0.0,0.0,load_precomputed,200,0.95,75,10
93,-3.473053,600.0,0.6382978723404256,0.0,0.0,load_precomputed,200,0.95,75,10
94,-3.2312617,600.0,0.631578947368421,0.0,0.0,load_precomputed,200,0.95,75,10
95,-3.994057,600.0,0.625,0.0,0.0,load_precomputed,200,0.95,75,10
96,-4.096346,600.0,0.6185567010309279,0.0,0.0,load_precomputed,200,0.95,75,10
97,-3.4802074,600.0,0.6122448979591837,0.0,0.0,load_precomputed,200,0.95,75,10
98,-4.297447,600.0,0.6060606060606061,0.0,0.0,load_precomputed,200,0.95,75,10
99,-4.014283,600.0,0.6,0.0,0.0,load_precomputed,200,0.95,75,10
100,-4.1873064,600.0,0.594059405940594,0.0,0.0,load_precomputed,200,0.95,75,10
101,-3.6901302,600.0,0.5882352941176471,0.0,0.0,load_precomputed,200,0.95,75,10
102,-3.6693497,600.0,0.5825242718446602,0.0,0.0,load_precomputed,200,0.95,75,10
103,-3.492621,600.0,0.5769230769230769,0.0,0.0,load_precomputed,200,0.95,75,10
104,-4.076989,600.0,0.5714285714285714,0.0,0.0,load_precomputed,200,0.95,75,10
105,-3.8784127,600.0,0.5660377358490566,0.0,0.0,load_precomputed,200,0.95,75,10
106,-4.516839,600.0,0.5607476635514018,0.0,0.0,load_precomputed,200,0.95,75,10
107,-3.4427872,600.0,0.5555555555555556,0.0,0.0,load_precomputed,200,0.95,75,10
108,-5.775972,600.0,0.5504587155963303,0.0,0.0,load_precomputed,200,0.95,75,10
109,-6.5545387,600.0,0.5454545454545454,0.0,0.0,load_precomputed,200,0.95,75,10
110,-5.386258,150.0,0.13513513513513514,0.0,0.0,load_precomputed,200,0.95,75,10
111,-4.687825,150.0,0.13392857142857142,0.0,0.0,load_precomputed,200,0.95,75,10
112,-4.6321864,150.0,0.13274336283185842,0.0,0.0,load_precomputed,200,0.95,75,10
113,-4.521388,150.0,0.13157894736842105,0.0,0.0,load_precomputed,200,0.95,75,10
114,-4.968749,150.0,0.13043478260869565,0.0,0.0,load_precomputed,200,0.95,75,10
115,-4.8048887,150.0,0.12931034482758622,0.0,0.0,load_precomputed,200,0.95,75,10
116,-3.9685824,212.0,0.1811965811965812,0.0,0.0,load_precomputed,200,0.95,75,10
117,-2.6779997,212.0,0.17966101694915254,0.0,0.0,load_precomputed,200,0.95,75,10
118,-1.6649975,212.0,0.1781512605042017,0.0,0.0,load_precomputed,200,0.95,75,10
119,-1.2771536,212.0,0.17666666666666667,0.0,0.0,load_precomputed,200,0.95,75,10
120,-2.5233912,212.0,0.17520661157024794,0.0,0.0,load_precomputed,200,0.95,75,10
121,-3.36651,212.0,0.1737704918032787,0.0,0.0,load_precomputed,200,0.95,75,10
122,-3.9261754,212.0,0.17235772357723578,0.0,0.0,load_precomputed,200,0.95,75,10
123,-4.5310497,212.0,0.17096774193548386,0.0,0.0,load_precomputed,200,0.95,75,10
124,-4.3145537,212.0,0.1696,0.0,0.0,load_precomputed,200,0.95,75,10
125,-5.3179116,300.0,0.23809523809523808,0.0,0.0,load_precomputed,200,0.95,75,10
126,-3.8150632,300.0,0.23622047244094488,0.0,0.0,load_precomputed,200,0.95,75,10
127,-5.515747,300.0,0.234375,0.0,0.0,load_precomputed,200,0.95,75,10
128,-5.1417255,300.0,0.23255813953488372,0.0,0.0,load_precomputed,200,0.95,75,10
129,-3.513879,300.0,0.23076923076923078,0.0,0.0,load_precomputed,200,0.95,75,10
130,-2.9491713,300.0,0.22900763358778625,0.0,0.0,load_precomputed,200,0.95,75,10
131,-0.32023284,300.0,0.22727272727272727,0.0,0.0,load_precomputed,200,0.95,75,10
132,1.5865649,300.0,0.22556390977443608,0.0,0.0,load_precomputed,200,0.95,75,10
133,2.9623897,300.0,0.22388059701492538,0.0,0.0,load_precomputed,200,0.95,75,10
134,3.0473063,300.0,0.2222222222222222,0.0,0.0,load_precomputed,200,0.95,75,10
135,2.2399175,300.0,0.22058823529411764,0.0,0.0,load_precomputed,200,0.95,75,10
136,1.6976391,300.0,0.21897810218978103,0.0,0.0,load_precomputed,200,0.95,75,10
137,2.1087172,424.0,0.3072463768115942,0.0,0.0,load_precomputed,200,0.95,75,10
138,2.1964488,424.0,0.30503597122302156,0.0,0.0,load_precomputed,200,0.95,75,10
139,3.4197736,424.0,0.3028571428571429,0.0,0.0,load_precomputed,200,0.95,75,10
140,1.208653,424.0,0.300709219858156,0.0,0.0,load_precomputed,200,0.95,75,10
141,3.4394631,424.0,0.29859154929577464,0.0,0.0,load_precomputed,200,0.95,75,10
142,2.919018,424.0,0.2965034965034965,0.0,0.0,load_precomputed,200,0.95,75,10
143,3.436371,424.0,0.29444444444444445,0.0,0.0,load_precomputed,200,0.95,75,10
144,1.9654346,424.0,0.2924137931034483,0.0,0.0,load_precomputed,200,0.95,75,10
145,2.2743168,424.0,0.29041095890410956,0.0,0.0,load_precomputed,200,0.95,75,10
146,2.9248936,424.0,0.28843537414965986,0.0,0.0,load_precomputed,200,0.95,75,10
147,1.19972,424.0,0.2864864864864865,0.0,0.0,load_precomputed,200,0.95,75,10
148,1.1330736,424.0,0.28456375838926173,0.0,0.0,load_precomputed,200,0.95,75,10
149,0.89256185,424.0,0.2826666666666667,0.0,0.0,load_precomputed,200,0.95,75,10
150,1.6589769,,,,,load_precomputed,200,0.95,75,10
151,3.523136,,,,,load_precomputed,200,0.95,75,10
152,3.3006234,,,,,load_precomputed,200,0.95,75,10
153,2.8641899,,,,,load_precomputed,200,0.95,75,10
154,2.257529,,,,,load_precomputed,200,0.95,75,10
155,2.5628853,,,,,load_precomputed,200,0.95,75,10
156,3.5127292,,,,,load_precomputed,200,0.95,75,10
157,3.9849017,,,,,load_precomputed,200,0.95,75,10
158,3.743808,,,,,load_precomputed,200,0.95,75,10
159,2.4804013,,,,,load_precomputed,200,0.95,75,10
160,1.461493,,,,,load_precomputed,200,0.95,75,10
161,1.1336982,,,,,load_precomputed,200,0.95,75,10
162,-0.28886905,,,,,load_precomputed,200,0.95,75,10
163,-1.2120106,,,,,load_precomputed,200,0.95,75,10
164,-2.3852842,,,,,load_precomputed,200,0.95,75,10
165,-1.951294,,,,,load_precomputed,200,0.95,75,10
166,-1.3913656,,,,,load_precomputed,200,0.95,75,10
167,-0.5866894,,,,,load_precomputed,200,0.95,75,10
168,0.23535763,,,,,load_precomputed,200,0.95,75,10
169,0.8778588,,,,,load_precomputed,200,0.95,75,10
170,-0.061971113,,,,,load_precomputed,200,0.95,75,10
171,-1.1557788,,,,,load_precomputed,200,0.95,75,10
172,-0.53160536,,,,,load_precomputed,200,0.95,75,10
173,-1.0192686,,,,,load_precomputed,200,0.95,75,10
174,1.1209533,,,,,load_precomputed,200,0.95,75,10
175,1.4048423,,,,,load_precomputed,200,0.95,75,10
176,-0.59815145,,,,,load_precomputed,200,0.95,75,10
177,1.0747696,,,,,load_precomputed,200,0.95,75,10
178,-0.0007393214,,,,,load_precomputed,200,0.95,75,10
179,0.96121615,,,,,load_precomputed,200,0.95,75,10
180,0.15024605,,,,,load_precomputed,200,0.95,75,10
181,0.2484932,,,,,load_precomputed,200,0.95,75,10
182,-1.5512348,,,,,load_precomputed,200,0.95,75,10
183,-1.2992615,,,,,load_precomputed,200,0.95,75,10
184,-1.9748409,,,,,load_precomputed,200,0.95,75,10
185,-1.3809893,,,,,load_precomputed,200,0.95,75,10
186,1.15435,,,,,load_precomputed,200,0.95,75,10
187,-0.187468,,,,,load_precomputed,200,0.95,75,10
188,-0.069652125,,,,,load_precomputed,200,0.95,75,10
189,-0.4511933,,,,,load_precomputed,200,0.95,75,10
190,-0.17732716,,,,,load_precomputed,200,0.95,75,10
191,-1.9449339,,,,,load_precomputed,200,0.95,75,10
192,-4.89247,,,,,load_precomputed,200,0.95,75,10
193,-5.4261236,,,,,load_precomputed,200,0.95,75,10
194,-4.372837,,,,,load_precomputed,200,0.95,75,10
195,-3.6900003,,,,,load_precomputed,200,0.95,75,10
196,-3.1157346,,,,,load_precomputed,200,0.95,75,10
197,-2.5216668,,,,,load_precomputed,200,0.95,75,10
198,-1.3435928,,,,,load_precomputed,200,0.95,75,10
199,-1.2963347,,,,,load_precomputed,200,0.95,75,10
200,-1.4775891,,,,,load_precomputed,200,0.95,75,10
201,-3.003431,,,,,load_precomputed,200,0.95,75,10
202,-3.4202993,,,,,load_precomputed,200,0.95,75,10
203,-3.9569225,,,,,load_precomputed,200,0.95,75,10
204,-2.3898091,,,,,load_precomputed,200,0.95,75,10
205,-1.4676968,,,,,load_precomputed,200,0.95,75,10
206,1.2517582,,,,,load_precomputed,200,0.95,75,10
207,0.6062184,,,,,load_precomputed,200,0.95,75,10
208,0.6373277,,,,,load_precomputed,200,0.95,75,10
209,0.9373379,,,,,load_precomputed,200,0.95,75,10
210,0.5144776,,,,,load_precomputed,200,0.95,75,10
211,-0.4981845,,,,,load_precomputed,200,0.95,75,10
212,-0.6046906,,,,,load_precomputed,200,0.95,75,10
213,-1.7803731,,,,,load_precomputed,200,0.95,75,10
214,-2.4417796,,,,,load_precomputed,200,0.95,75,10
215,-0.9896761,,,,,load_precomputed,200,0.95,75,10
216,-0.09311053,,,,,load_precomputed,200,0.95,75,10
217,-1.9188757,,,,,load_precomputed,200,0.95,75,10
218,-2.518055,,,,,load_precomputed,200,0.95,75,10
219,-2.153822,,,,,load_precomputed,200,0.95,75,10
220,-1.6544477,,,,,load_precomputed,200,0.95,75,10
221,-2.9868333,,,,,load_precomputed,200,0.95,75,10
222,-3.167328,,,,,load_precomputed,200,0.95,75,10
223,-1.0323551,,,,,load_precomputed,200,0.95,75,10
224,-1.8606164,,,,,load_precomputed,200,0.95,75,10
225,-2.6125154,,,,,load_precomputed,200,0.95,75,10
226,-2.252663,,,,,load_precomputed,200,0.95,75,10
227,-0.7852548,,,,,load_precomputed,200,0.95,75,10
228,0.13771477,,,,,load_precomputed,200,0.95,75,10
229,1.0627272,,,,,load_precomputed,200,0.95,75,10
230,-0.47563326,,,,,load_precomputed,200,0.95,75,10
231,-1.1635075,,,,,load_precomputed,200,0.95,75,10
232,-2.9063954,,,,,load_precomputed,200,0.95,75,10
233,-3.7607987,,,,,load_precomputed,200,0.95,75,10
234,-3.8245597,,,,,load_precomputed,200,0.95,75,10
235,-3.7664747,,,,,load_precomputed,200,0.95,75,10
236,-2.3030503,,,,,load_precomputed,200,0.95,75,10
237,-2.1963549,,,,,load_precomputed,200,0.95,75,10
238,-0.28131035,,,,,load_precomputed,200,0.95,75,10
239,1.2010278,,,,,load_precomputed,200,0.95,75,10
240,0.4674205,,,,,load_precomputed,200,0.95,75,10
241,0.81045645,,,,,load_precomputed,200,0.95,75,10
242,0.27585962,,,,,load_precomputed,200,0.95,75,10
243,0.89004487,,,,,load_precomputed,200,0.95,75,10
244,1.0736856,,,,,load_precomputed,200,0.95,75,10
245,0.016219148,,,,,load_precomputed,200,0.95,75,10
246,-2.9139178,,,,,load_precomputed,200,0.95,75,10
247,-3.740094,,,,,load_precomputed,200,0.95,75,10
248,-3.6782165,,,,,load_precomputed,200,0.95,75,10
249,-2.5239723,,,,,load_precomputed,200,0.95,75,10
250,-1.1921343,,,,,load_precomputed,200,0.95,75,10
251,0.40512574,,,,,load_precomputed,200,0.95,75,10
252,0.3377861,,,,,load_precomputed,200,0.95,75,10
253,-0.6418215,,,,,load_precomputed,200,0.95,75,10
254,-0.7458892,,,,,load_precomputed,200,0.95,75,10
255,-2.2150528,,,,,load_precomputed,200,0.95,75,10
256,-3.0122845,,,,,load_precomputed,200,0.95,75,10
257,-2.2317417,,,,,load_precomputed,200,0.95,75,10
258,-2.3613806,,,,,load_precomputed,200,0.95,75,10
259,-2.380193,,,,,load_precomputed,200,0.95,75,10
260,-0.40056127,,,,,load_precomputed,200,0.95,75,10
261,-1.9861597,,,,,load_precomputed,200,0.95,75,10
262,-2.0991764,,,,,load_precomputed,200,0.95,75,10
263,-2.983095,,,,,load_precomputed,200,0.95,75,10
264,-2.832339,,,,,load_precomputed,200,0.95,75,10
265,-1.6711878,,,,,load_precomputed,200,0.95,75,10
266,-0.40867886,,,,,load_precomputed,200,0.95,75,10
267,0.37849832,,,,,load_precomputed,200,0.95,75,10
268,1.0234907,,,,,load_precomputed,200,0.95,75,10
269,0.9721755,,,,,load_precomputed,200,0.95,75,10
270,1.4870064,,,,,load_precomputed,200,0.95,75,10
271,1.5201584,,,,,load_precomputed,200,0.95,75,10
272,1.144419,,,,,load_precomputed,200,0.95,75,10
273,1.4687345,,,,,load_precomputed,200,0.95,75,10
274,1.2189845,,,,,load_precomputed,200,0.95,75,10
275,-0.59419155,,,,,load_precomputed,200,0.95,75,10
276,-1.1285572,,,,,load_precomputed,200,0.95,75,10
277,-0.71782917,,,,,load_precomputed,200,0.95,75,10
278,-1.0562052,,,,,load_precomputed,200,0.95,75,10
279,-1.6974816,,,,,load_precomputed,200,0.95,75,10
280,-1.8370497,,,,,load_precomputed,200,0.95,75,10
281,-1.5985676,,,,,load_precomputed,200,0.95,75,10
282,-2.4543743,,,,,load_precomputed,200,0.95,75,10
283,-0.73937196,,,,,load_precomputed,200,0.95,75,10
284,0.68048126,,,,,load_precomputed,200,0.95,75,10
285,-0.71656233,,,,,load_precomputed,200,0.95,75,10
286,-2.6366005,,,,,load_precomputed,200,0.95,75,10
287,-2.4489934,,,,,load_precomputed,200,0.95,75,10
288,-1.7044246,,,,,load_precomputed,200,0.95,75,10
289,-2.0302737,,,,,load_precomputed,200,0.95,75,10
290,-1.9597229,,,,,load_precomputed,200,0.95,75,10
291,-2.1448698,,,,,load_precomputed,200,0.95,75,10
292,-2.4228935,,,,,load_precomputed,200,0.95,75,10
293,-2.6791966,,,,,load_precomputed,200,0.95,75,10
294,-1.7927495,,,,,load_precomputed,200,0.95,75,10
295,-3.2152894,,,,,load_precomputed,200,0.95,75,10
296,-2.5588856,,,,,load_precomputed,200,0.95,75,10
297,-4.081078,,,,,load_precomputed,200,0.95,75,10
298,-5.856849,,,,,load_precomputed,200,0.95,75,10
299,-5.430563,,,,,load_precomputed,200,0.95,75,10
300,-5.281136,,,,,load_precomputed,200,0.95,75,10
301,-3.6741643,,,,,load_precomputed,200,0.95,75,10
302,-2.479254,,,,,load_precomputed,200,0.95,75,10
303,-2.3755987,,,,,load_precomputed,200,0.95,75,10
304,-1.7784392,,,,,load_precomputed,200,0.95,75,10
305,-1.2120821,,,,,load_precomputed,200,0.95,75,10
306,-1.0117562,,,,,load_precomputed,200,0.95,75,10
307,1.154453,,,,,load_precomputed,200,0.95,75,10
308,2.2410803,,,,,load_precomputed,200,0.95,75,10
309,2.0707839,,,,,load_precomputed,200,0.95,75,10
310,2.7200005,,,,,load_precomputed,200,0.95,75,10
311,4.911088,,,,,load_precomputed,200,0.95,75,10
312,2.2841551,,,,,load_precomputed,200,0.95,75,10
313,1.8855839,,,,,load_precomputed,200,0.95,75,10
314,0.29788426,,,,,load_precomputed,200,0.95,75,10
315,-1.2293874,,,,,load_precomputed,200,0.95,75,10
316,-2.9088268,,,,,load_precomputed,200,0.95,75,10
317,-4.1334352,,,,,load_precomputed,200,0.95,75,10
318,-1.5765424,,,,,load_precomputed,200,0.95,75,10
319,-0.8843132,,,,,load_precomputed,200,0.95,75,10
320,-1.8004625,,,,,load_precomputed,200,0.95,75,10
321,-2.7345052,,,,,load_precomputed,200,0.95,75,10
322,-1.8511841,,,,,load_precomputed,200,0.95,75,10
323,-2.1754408,,,,,load_precomputed,200,0.95,75,10
324,-3.0311756,,,,,load_precomputed,200,0.95,75,10
325,-2.6164832,,,,,load_precomputed,200,0.95,75,10
326,-1.8865383,,,,,load_precomputed,200,0.95,75,10
327,-2.2992601,,,,,load_precomputed,200,0.95,75,10
328,-2.3730078,,,,,load_precomputed,200,0.95,75,10
329,-1.5125022,,,,,load_precomputed,200,0.95,75,10
330,-0.79142505,,,,,load_precomputed,200,0.95,75,10
331,-0.41449347,,,,,load_precomputed,200,0.95,75,10
332,-1.1608589,,,,,load_precomputed,200,0.95,75,10
333,-3.797932,,,,,load_precomputed,200,0.95,75,10
334,-1.8979852,,,,,load_precomputed,200,0.95,75,10
335,-0.2286846,,,,,load_precomputed,200,0.95,75,10
336,-1.859995,,,,,load_precomputed,200,0.95,75,10
337,-2.0741854,,,,,load_precomputed,200,0.95,75,10
338,-1.1894599,,,,,load_precomputed,200,0.95,75,10
339,-0.39732975,,,,,load_precomputed,200,0.95,75,10
340,-0.46972585,,,,,load_precomputed,200,0.95,75,10
341,0.63992304,,,,,load_precomputed,200,0.95,75,10
342,0.34409437,,,,,load_precomputed,200,0.95,75,10
343,0.0999099,,,,,load_precomputed,200,0.95,75,10
344,0.8305617,,,,,load_precomputed,200,0.95,75,10
345,0.7596956,,,,,load_precomputed,200,0.95,75,10
346,-0.82811445,,,,,load_precomputed,200,0.95,75,10
347,0.26443687,,,,,load_precomputed,200,0.95,75,10
348,-0.16398203,,,,,load_precomputed,200,0.95,75,10
349,-0.44503012,,,,,load_precomputed,200,0.95,75,10
350,0.045514494,,,,,load_precomputed,200,0.95,75,10
351,-1.5692021,,,,,load_precomputed,200,0.95,75,10
352,-1.0473346,,,,,load_precomputed,200,0.95,75,10
353,0.24436074,,,,,load_precomputed,200,0.95,75,10
354,1.9433244,,,,,load_precomputed,200,0.95,75,10
355,1.9720564,,,,,load_precomputed,200,0.95,75,10
356,0.80210954,,,,,load_precomputed,200,0.95,75,10
357,1.7508736,,,,,load_precomputed,200,0.95,75,10
358,2.381824,,,,,load_precomputed,200,0.95,75,10
359,0.9310508,,,,,load_precomputed,200,0.95,75,10
360,-1.0863084,,,,,load_precomputed,200,0.95,75,10
361,-1.552071,,,,,load_precomputed,200,0.95,75,10
362,-0.39831713,,,,,load_precomputed,200,0.95,75,10
363,-1.2837957,,,,,load_precomputed,200,0.95,75,10
364,-2.8577182,,,,,load_precomputed,200,0.95,75,10
365,-1.6920817,,,,,load_precomputed,200,0.95,75,10
366,-1.8871247,,,,,load_precomputed,200,0.95,75,10
367,-2.715853,,,,,load_precomputed,200,0.95,75,10
368,-2.6584215,,,,,load_precomputed,200,0.95,75,10
369,-2.4938014,,,,,load_precomputed,200,0.95,75,10
370,-1.8522325,,,,,load_precomputed,200,0.95,75,10
371,-0.99963915,,,,,load_precomputed,200,0.95,75,10
372,-0.12781689,,,,,load_precomputed,200,0.95,75,10
373,-0.40273616,,,,,load_precomputed,200,0.95,75,10
374,-1.0358297,,,,,load_precomputed,200,0.95,75,10
375,0.20331591,,,,,load_precomputed,200,0.95,75,10
376,1.1670811,,,,,load_precomputed,200,0.95,75,10
377,-0.20701787,,,,,load_precomputed,200,0.95,75,10
378,-0.30025163,,,,,load_precomputed,200,0.95,75,10
379,0.55745983,,,,,load_precomputed,200,0.95,75,10
380,-0.25938767,,,,,load_precomputed,200,0.95,75,10
381,-0.010680225,,,,,load_precomputed,200,0.95,75,10
382,1.2993993,,,,,load_precomputed,200,0.95,75,10
383,1.0113535,,,,,load_precomputed,200,0.95,75,10
384,1.8859051,,,,,load_precomputed,200,0.95,75,10
385,2.5469737,,,,,load_precomputed,200,0.95,75,10
386,2.467562,,,,,load_precomputed,200,0.95,75,10
387,2.6452289,,,,,load_precomputed,200,0.95,75,10
388,1.3791916,,,,,load_precomputed,200,0.95,75,10
389,0.26372236,,,,,load_precomputed,200,0.95,75,10
390,0.15285632,,,,,load_precomputed,200,0.95,75,10
391,0.5516823,,,,,load_precomputed,200,0.95,75,10
392,1.3171214,,,,,load_precomputed,200,0.95,75,10
393,0.7722613,,,,,load_precomputed,200,0.95,75,10
394,0.5549903,,,,,load_precomputed,200,0.95,75,10
395,0.8466645,,,,,load_precomputed,200,0.95,75,10
396,1.599455,,,,,load_precomputed,200,0.95,75,10
397,2.0135553,,,,,load_precomputed,200,0.95,75,10
398,1.1789734,,,,,load_precomputed,200,0.95,75,10
399,0.5302653,,,,,load_precomputed,200,0.95,75,10
400,-0.04773609,,,,,load_precomputed,200,0.95,75,10
401,0.21175396,,,,,load_precomputed,200,0.95,75,10
402,0.94320786,,,,,load_precomputed,200,0.95,75,10
403,0.38749343,,,,,load_precomputed,200,0.95,75,10
404,1.2935503,,,,,load_precomputed,200,0.95,75,10
405,0.45665035,,,,,load_precomputed,200,0.95,75,10
406,1.7904758,,,,,load_precomputed,200,0.95,75,10
407,1.427414,,,,,load_precomputed,200,0.95,75,10
408,1.1038281,,,,,load_precomputed,200,0.95,75,10
409,-0.15047431,,,,,load_precomputed,200,0.95,75,10
410,0.5968822,,,,,load_precomputed,200,0.95,75,10
411,-0.57490385,,,,,load_precomputed,200,0.95,75,10
412,-0.820941,,,,,load_precomputed,200,0.95,75,10
413,-2.2019744,,,,,load_precomputed,200,0.95,75,10
414,-2.9118395,,,,,load_precomputed,200,0.95,75,10
415,-1.3915101,,,,,load_precomputed,200,0.95,75,10
416,-1.2229253,,,,,load_precomputed,200,0.95,75,10
417,-1.7917943,,,,,load_precomputed,200,0.95,75,10
418,-2.6337774,,,,,load_precomputed,200,0.95,75,10
419,-3.6113803,,,,,load_precomputed,200,0.95,75,10
420,-4.3261495,,,,,load_precomputed,200,0.95,75,10
421,-5.3146725,,,,,load_precomputed,200,0.95,75,10
422,-4.0196943,,,,,load_precomputed,200,0.95,75,10
423,-4.6018615,,,,,load_precomputed,200,0.95,75,10
424,-3.1545308,,,,,load_precomputed,200,0.95,75,10
425,-4.506826,,,,,load_precomputed,200,0.95,75,10
426,-2.9236605,,,,,load_precomputed,200,0.95,75,10
427,-3.7128508,,,,,load_precomputed,200,0.95,75,10
428,-3.9437752,,,,,load_precomputed,200,0.95,75,10
429,-4.5783005,,,,,load_precomputed,200,0.95,75,10
430,-4.15031,,,,,load_precomputed,200,0.95,75,10
431,-3.2529187,,,,,load_precomputed,200,0.95,75,10
432,-2.1794271,,,,,load_precomputed,200,0.95,75,10
433,-1.538037,,,,,load_precomputed,200,0.95,75,10
434,-0.7655964,,,,,load_precomputed,200,0.95,75,10
435,-0.18101569,,,,,load_precomputed,200,0.95,75,10
436,1.3419718,,,,,load_precomputed,200,0.95,75,10
437,2.7078297,,,,,load_precomputed,200,0.95,75,10
438,2.4469814,,,,,load_precomputed,200,0.95,75,10
439,2.9332454,,,,,load_precomputed,200,0.95,75,10
440,3.3028026,,,,,load_precomputed,200,0.95,75,10
441,1.732527,,,,,load_precomputed,200,0.95,75,10
442,0.059622727,,,,,load_precomputed,200,0.95,75,10
443,0.76771003,,,,,load_precomputed,200,0.95,75,10
444,1.4351697,,,,,load_precomputed,200,0.95,75,10
445,1.3228786,,,,,load_precomputed,200,0.95,75,10
446,0.33060485,,,,,load_precomputed,200,0.95,75,10
447,-0.1256757,,,,,load_precomputed,200,0.95,75,10
448,0.33431083,,,,,load_precomputed,200,0.95,75,10
449,0.25191125,,,,,load_precomputed,200,0.95,75,10
450,-1.4107457,,,,,load_precomputed,200,0.95,75,10
451,-0.078198135,,,,,load_precomputed,200,0.95,75,10
452,0.192883,,,,,load_precomputed,200,0.95,75,10
453,0.037805125,,,,,load_precomputed,200,0.95,75,10
454,1.2660154,,,,,load_precomputed,200,0.95,75,10
455,-0.5742705,,,,,load_precomputed,200,0.95,75,10
456,-2.0492144,,,,,load_precomputed,200,0.95,75,10
457,-1.1152147,,,,,load_precomputed,200,0.95,75,10
458,-0.6234127,,,,,load_precomputed,200,0.95,75,10
459,0.47755358,,,,,load_precomputed,200,0.95,75,10
460,1.1294813,,,,,load_precomputed,200,0.95,75,10
461,2.556705,,,,,load_precomputed,200,0.95,75,10
462,2.6401126,,,,,load_precomputed,200,0.95,75,10
463,2.6676502,,,,,load_precomputed,200,0.95,75,10
464,1.7396052,,,,,load_precomputed,200,0.95,75,10
465,3.1149285,,,,,load_precomputed,200,0.95,75,10
466,3.2650461,,,,,load_precomputed,200,0.95,75,10
467,1.1626292,,,,,load_precomputed,200,0.95,75,10
468,1.5801452,,,,,load_precomputed,200,0.95,75,10
469,2.0575151,,,,,load_precomputed,200,0.95,75,10
470,3.283236,,,,,load_precomputed,200,0.95,75,10
471,2.3647408,,,,,load_precomputed,200,0.95,75,10
472,1.9112512,,,,,load_precomputed,200,0.95,75,10
473,1.1005177,,,,,load_precomputed,200,0.95,75,10
474,2.2783954,,,,,load_precomputed,200,0.95,75,10
475,2.3248723,,,,,load_precomputed,200,0.95,75,10
476,2.9549477,,,,,load_precomputed,200,0.95,75,10
477,1.3996857,,,,,load_precomputed,200,0.95,75,10
478,-0.07716184,,,,,load_precomputed,200,0.95,75,10
479,0.96547824,,,,,load_precomputed,200,0.95,75,10
480,0.870176,,,,,load_precomputed,200,0.95,75,10
481,1.6818485,,,,,load_precomputed,200,0.95,75,10
482,0.5678876,,,,,load_precomputed,200,0.95,75,10
483,0.5523019,,,,,load_precomputed,200,0.95,75,10
484,1.3593574,,,,,load_precomputed,200,0.95,75,10
485,0.8610473,,,,,load_precomputed,200,0.95,75,10
486,1.086953,,,,,load_precomputed,200,0.95,75,10
487,2.6940851,,,,,load_precomputed,200,0.95,75,10
488,2.0170376,,,,,load_precomputed,200,0.95,75,10
489,1.4431643,,,,,load_precomputed,200,0.95,75,10
490,1.7721606,,,,,load_precomputed,200,0.95,75,10
491,1.2509371,,,,,load_precomputed,200,0.95,75,10
492,1.3705037,,,,,load_precomputed,200,0.95,75,10
493,0.8588107,,,,,load_precomputed,200,0.95,75,10
494,0.024597501,,,,,load_precomputed,200,0.95,75,10
495,1.1513542,,,,,load_precomputed,200,0.95,75,10
496,-0.57668257,,,,,load_precomputed,200,0.95,75,10
497,0.009415248,,,,,load_precomputed,200,0.95,75,10
498,1.1918932,,,,,load_precomputed,200,0.95,75,10
499,0.69097805,,,,,load_precomputed,200,0.95,75,10
500,4.0151844,,,,,load_precomputed,200,0.95,75,10
501,0.26609042,,,,,load_precomputed,200,0.95,75,10
502,2.793749,,,,,load_precomputed,200,0.95,75,10
503,0.2555025,,,,,load_precomputed,200,0.95,75,10
504,3.1048777,,,,,load_precomputed,200,0.95,75,10
505,-0.35257453,,,,,load_precomputed,200,0.95,75,10
506,0.43579733,,,,,load_precomputed,200,0.95,75,10
507,-1.4799502,,,,,load_precomputed,200,0.95,75,10
508,0.86561596,,,,,load_precomputed,200,0.95,75,10
509,-2.3886702,,,,,load_precomputed,200,0.95,75,10
510,-0.4827134,,,,,load_precomputed,200,0.95,75,10
511,-3.255698,,,,,load_precomputed,200,0.95,75,10
512,-1.6686319,,,,,load_precomputed,200,0.95,75,10
513,-3.050783,,,,,load_precomputed,200,0.95,75,10
514,-0.03497654,,,,,load_precomputed,200,0.95,75,10
515,-2.3685513,,,,,load_precomputed,200,0.95,75,10
516,1.1218824,,,,,load_precomputed,200,0.95,75,10
517,-3.8972487,,,,,load_precomputed,200,0.95,75,10
518,-0.005967851,,,,,load_precomputed,200,0.95,75,10
519,-4.021335,,,,,load_precomputed,200,0.95,75,10
520,-2.2906744,,,,,load_precomputed,200,0.95,75,10
521,-2.0809784,,,,,load_precomputed,200,0.95,75,10
522,-1.4509201,,,,,load_precomputed,200,0.95,75,10
523,-1.0060997,,,,,load_precomputed,200,0.95,75,10
524,-1.5836107,,,,,load_precomputed,200,0.95,75,10
525,-2.012293,,,,,load_precomputed,200,0.95,75,10
526,-0.26597548,,,,,load_precomputed,200,0.95,75,10
527,-2.607417,,,,,load_precomputed,200,0.95,75,10
528,-0.24955918,,,,,load_precomputed,200,0.95,75,10
529,-2.9924865,,,,,load_precomputed,200,0.95,75,10
530,-0.8036947,,,,,load_precomputed,200,0.95,75,10
531,-3.0949492,,,,,load_precomputed,200,0.95,75,10
532,-0.85231614,,,,,load_precomputed,200,0.95,75,10
533,-4.3491473,,,,,load_precomputed,200,0.95,75,10
534,0.07837519,,,,,load_precomputed,200,0.95,75,10
535,-5.035872,,,,,load_precomputed,200,0.95,75,10
536,1.2097298,,,,,load_precomputed,200,0.95,75,10
537,-3.3284044,,,,,load_precomputed,200,0.95,75,10
538,-0.017229015,,,,,load_precomputed,200,0.95,75,10
539,-4.1186414,,,,,load_precomputed,200,0.95,75,10
540,-0.6809192,,,,,load_precomputed,200,0.95,75,10
541,-2.925691,,,,,load_precomputed,200,0.95,75,10
542,0.02280749,,,,,load_precomputed,200,0.95,75,10
543,-2.4768662,,,,,load_precomputed,200,0.95,75,10
544,-2.1199188,,,,,load_precomputed,200,0.95,75,10
545,-0.5438521,,,,,load_precomputed,200,0.95,75,10
546,-2.1070628,,,,,load_precomputed,200,0.95,75,10
547,-0.41828755,,,,,load_precomputed,200,0.95,75,10
548,0.34076113,,,,,load_precomputed,200,0.95,75,10
549,-3.1825666,,,,,load_precomputed,200,0.95,75,10
550,0.9465236,,,,,load_precomputed,200,0.95,75,10
551,-2.2222483,,,,,load_precomputed,200,0.95,75,10
552,1.869021,,,,,load_precomputed,200,0.95,75,10
553,-4.4419103,,,,,load_precomputed,200,0.95,75,10
554,2.418047,,,,,load_precomputed,200,0.95,75,10
555,-3.7860887,,,,,load_precomputed,200,0.95,75,10
556,2.301031,,,,,load_precomputed,200,0.95,75,10
557,-4.0579515,,,,,load_precomputed,200,0.95,75,10
558,1.1434288,,,,,load_precomputed,200,0.95,75,10
559,-3.9906628,,,,,load_precomputed,200,0.95,75,10
560,1.9881507,,,,,load_precomputed,200,0.95,75,10
561,-2.9680774,,,,,load_precomputed,200,0.95,75,10
562,0.41578412,,,,,load_precomputed,200,0.95,75,10
563,-1.8809929,,,,,load_precomputed,200,0.95,75,10
564,0.58106536,,,,,load_precomputed,200,0.95,75,10
565,-1.2427155,,,,,load_precomputed,200,0.95,75,10
566,-1.9085763,,,,,load_precomputed,200,0.95,75,10
567,-0.3319736,,,,,load_precomputed,200,0.95,75,10
568,-1.8238125,,,,,load_precomputed,200,0.95,75,10
569,-0.6541817,,,,,load_precomputed,200,0.95,75,10
570,-1.5265185,,,,,load_precomputed,200,0.95,75,10
571,0.08886678,,,,,load_precomputed,200,0.95,75,10
572,-2.7199717,,,,,load_precomputed,200,0.95,75,10
573,0.5419873,,,,,load_precomputed,200,0.95,75,10
574,-3.732439,,,,,load_precomputed,200,0.95,75,10
575,-0.052230086,,,,,load_precomputed,200,0.95,75,10
576,-5.86639,,,,,load_precomputed,200,0.95,75,10
577,-1.0057118,,,,,load_precomputed,200,0.95,75,10
578,-5.901317,,,,,load_precomputed,200,0.95,75,10
579,-2.029145,,,,,load_precomputed,200,0.95,75,10
580,-5.0659375,,,,,load_precomputed,200,0.95,75,10
581,-1.2615268,,,,,load_precomputed,200,0.95,75,10
582,-3.7678082,,,,,load_precomputed,200,0.95,75,10
583,-0.56198937,,,,,load_precomputed,200,0.95,75,10
584,-3.5118723,,,,,load_precomputed,200,0.95,75,10
585,1.2301202,,,,,load_precomputed,200,0.95,75,10
586,-3.79661,,,,,load_precomputed,200,0.95,75,10
587,1.5497475,,,,,load_precomputed,200,0.95,75,10
588,-3.3325665,,,,,load_precomputed,200,0.95,75,10
589,3.0822456,,,,,load_precomputed,200,0.95,75,10
590,-3.2383578,,,,,load_precomputed,200,0.95,75,10
591,1.802133,,,,,load_precomputed,200,0.95,75,10
592,-3.8562796,,,,,load_precomputed,200,0.95,75,10
593,1.2017865,,,,,load_precomputed,200,0.95,75,10
594,-2.3551645,,,,,load_precomputed,200,0.95,75,10
595,-1.220053,,,,,load_precomputed,200,0.95,75,10
596,-2.5414984,,,,,load_precomputed,200,0.95,75,10
597,-0.60712403,,,,,load_precomputed,200,0.95,75,10
598,-2.3279614,,,,,load_precomputed,200,0.95,75,10
599,-0.5316982,,,,,load_precomputed,200,0.95,75,10
600,-1.7098867,,,,,load_precomputed,200,0.95,75,10
601,-1.4164674,,,,,load_precomputed,200,0.95,75,10
602,-3.8478642,,,,,load_precomputed,200,0.95,75,10
603,-1.6323293,,,,,load_precomputed,200,0.95,75,10
604,-3.6829617,,,,,load_precomputed,200,0.95,75,10
605,-2.8868935,,,,,load_precomputed,200,0.95,75,10
606,-4.3496323,,,,,load_precomputed,200,0.95,75,10
607,-2.8270469,,,,,load_precomputed,200,0.95,75,10
608,-3.2123613,,,,,load_precomputed,200,0.95,75,10
609,-2.3169792,,,,,load_precomputed,200,0.95,75,10
610,-3.7095637,,,,,load_precomputed,200,0.95,75,10
611,-2.5137799,,,,,load_precomputed,200,0.95,75,10
612,-3.44437,,,,,load_precomputed,200,0.95,75,10
613,-0.31645128,,,,,load_precomputed,200,0.95,75,10
614,-3.1688328,,,,,load_precomputed,200,0.95,75,10
615,-1.0516381,,,,,load_precomputed,200,0.95,75,10
616,-2.0681477,,,,,load_precomputed,200,0.95,75,10
617,-1.2444333,,,,,load_precomputed,200,0.95,75,10
618,-0.9634679,,,,,load_precomputed,200,0.95,75,10
619,-1.7472585,,,,,load_precomputed,200,0.95,75,10
620,-0.4985404,,,,,load_precomputed,200,0.95,75,10
621,-1.2363946,,,,,load_precomputed,200,0.95,75,10
622,-1.1172571,,,,,load_precomputed,200,0.95,75,10
623,-2.0394933,,,,,load_precomputed,200,0.95,75,10
624,0.10134247,,,,,load_precomputed,200,0.95,75,10
625,-1.7349384,,,,,load_precomputed,200,0.95,75,10
626,1.2141575,,,,,load_precomputed,200,0.95,75,10
627,-1.7424649,,,,,load_precomputed,200,0.95,75,10
628,0.81513256,,,,,load_precomputed,200,0.95,75,10
629,-0.37157646,,,,,load_precomputed,200,0.95,75,10
630,1.3506466,,,,,load_precomputed,200,0.95,75,10
631,-0.21389586,,,,,load_precomputed,200,0.95,75,10
632,-0.19070666,,,,,load_precomputed,200,0.95,75,10
633,-1.837465,,,,,load_precomputed,200,0.95,75,10
634,-1.0815767,,,,,load_precomputed,200,0.95,75,10
635,-2.3130834,,,,,load_precomputed,200,0.95,75,10
636,-2.208643,,,,,load_precomputed,200,0.95,75,10
637,-2.538627,,,,,load_precomputed,200,0.95,75,10
638,0.47462922,,,,,load_precomputed,200,0.95,75,10
639,-4.0554023,,,,,load_precomputed,200,0.95,75,10
640,1.4843212,,,,,load_precomputed,200,0.95,75,10
641,-5.7564793,,,,,load_precomputed,200,0.95,75,10
642,1.2992567,,,,,load_precomputed,200,0.95,75,10
643,-5.209251,,,,,load_precomputed,200,0.95,75,10
644,0.53969985,,,,,load_precomputed,200,0.95,75,10
645,-3.9961405,,,,,load_precomputed,200,0.95,75,10
646,0.61042255,,,,,load_precomputed,200,0.95,75,10
647,-2.9024422,,,,,load_precomputed,200,0.95,75,10
648,0.8069505,,,,,load_precomputed,200,0.95,75,10
649,-1.5658548,,,,,load_precomputed,200,0.95,75,10
650,2.7278354,,,,,load_precomputed,200,0.95,75,10
651,-3.0356805,,,,,load_precomputed,200,0.95,75,10
652,0.42640987,,,,,load_precomputed,200,0.95,75,10
653,-1.2355144,,,,,load_precomputed,200,0.95,75,10
654,-0.6984518,,,,,load_precomputed,200,0.95,75,10
655,1.2378118,,,,,load_precomputed,200,0.95,75,10
656,-0.75064063,,,,,load_precomputed,200,0.95,75,10
657,-0.3278146,,,,,load_precomputed,200,0.95,75,10
658,-2.1837645,,,,,load_precomputed,200,0.95,75,10
659,0.7763027,,,,,load_precomputed,200,0.95,75,10
660,-1.5365491,,,,,load_precomputed,200,0.95,75,10
661,0.12729247,,,,,load_precomputed,200,0.95,75,10
662,-1.4616755,,,,,load_precomputed,200,0.95,75,10
663,-1.2944858,,,,,load_precomputed,200,0.95,75,10
664,0.085715756,,,,,load_precomputed,200,0.95,75,10
665,-1.0200806,,,,,load_precomputed,200,0.95,75,10
666,0.7439647,,,,,load_precomputed,200,0.95,75,10
667,-0.36021024,,,,,load_precomputed,200,0.95,75,10
668,-0.8563136,,,,,load_precomputed,200,0.95,75,10
669,1.2354676,,,,,load_precomputed,200,0.95,75,10
670,0.62734115,,,,,load_precomputed,200,0.95,75,10
671,1.0253339,,,,,load_precomputed,200,0.95,75,10
672,-0.4370236,,,,,load_precomputed,200,0.95,75,10
673,1.8409194,,,,,load_precomputed,200,0.95,75,10
674,1.5208533,,,,,load_precomputed,200,0.95,75,10
675,1.248032,,,,,load_precomputed,200,0.95,75,10
676,0.860545,,,,,load_precomputed,200,0.95,75,10
677,0.13088004,,,,,load_precomputed,200,0.95,75,10
678,0.76732194,,,,,load_precomputed,200,0.95,75,10
679,2.5222576,,,,,load_precomputed,200,0.95,75,10
680,1.6118544,,,,,load_precomputed,200,0.95,75,10
681,2.4495227,,,,,load_precomputed,200,0.95,75,10
682,1.7230086,,,,,load_precomputed,200,0.95,75,10
683,2.6823256,,,,,load_precomputed,200,0.95,75,10
684,1.5978222,,,,,load_precomputed,200,0.95,75,10
685,2.7572072,,,,,load_precomputed,200,0.95,75,10
686,1.5283955,,,,,load_precomputed,200,0.95,75,10
687,1.014552,,,,,load_precomputed,200,0.95,75,10
688,1.9601698,,,,,load_precomputed,200,0.95,75,10
689,1.9277059,,,,,load_precomputed,200,0.95,75,10
690,2.5566056,,,,,load_precomputed,200,0.95,75,10
691,0.39695057,,,,,load_precomputed,200,0.95,75,10
692,2.6748352,,,,,load_precomputed,200,0.95,75,10
693,0.42836937,,,,,load_precomputed,200,0.95,75,10
694,3.0892625,,,,,load_precomputed,200,0.95,75,10
695,-0.19847286,,,,,load_precomputed,200,0.95,75,10
696,4.782986,,,,,load_precomputed,200,0.95,75,10
697,1.5235056,,,,,load_precomputed,200,0.95,75,10
698,3.2536557,,,,,load_precomputed,200,0.95,75,10
699,2.260968,,,,,load_precomputed,200,0.95,75,10
700,2.1868458,,,,,load_precomputed,200,0.95,75,10
701,3.4557297,,,,,load_precomputed,200,0.95,75,10
702,2.1120365,,,,,load_precomputed,200,0.95,75,10
703,3.3971379,,,,,load_precomputed,200,0.95,75,10
704,2.8104653,,,,,load_precomputed,200,0.95,75,10
705,0.90005547,,,,,load_precomputed,200,0.95,75,10
706,2.11028,,,,,load_precomputed,200,0.95,75,10
707,2.2280674,,,,,load_precomputed,200,0.95,75,10
708,3.2861834,,,,,load_precomputed,200,0.95,75,10
709,2.561083,,,,,load_precomputed,200,0.95,75,10
710,3.5758228,,,,,load_precomputed,200,0.95,75,10
711,2.7725456,,,,,load_precomputed,200,0.95,75,10
712,2.4092321,,,,,load_precomputed,200,0.95,75,10
713,3.527803,,,,,load_precomputed,200,0.95,75,10
714,0.77271646,,,,,load_precomputed,200,0.95,75,10
715,4.4075403,,,,,load_precomputed,200,0.95,75,10
716,0.5070968,,,,,load_precomputed,200,0.95,75,10
717,5.0174212,,,,,load_precomputed,200,0.95,75,10
718,1.4230479,,,,,load_precomputed,200,0.95,75,10
719,4.611441,,,,,load_precomputed,200,0.95,75,10
720,1.1182543,,,,,load_precomputed,200,0.95,75,10
721,3.7894423,,,,,load_precomputed,200,0.95,75,10
722,1.100133,,,,,load_precomputed,200,0.95,75,10
723,2.0895627,,,,,load_precomputed,200,0.95,75,10
724,0.80527437,,,,,load_precomputed,200,0.95,75,10
725,1.1502303,,,,,load_precomputed,200,0.95,75,10
726,0.06736701,,,,,load_precomputed,200,0.95,75,10
727,1.783458,,,,,load_precomputed,200,0.95,75,10
728,-0.034992423,,,,,load_precomputed,200,0.95,75,10
729,0.6758742,,,,,load_precomputed,200,0.95,75,10
730,1.7401652,,,,,load_precomputed,200,0.95,75,10
731,-0.34018162,,,,,load_precomputed,200,0.95,75,10
732,2.9237392,,,,,load_precomputed,200,0.95,75,10
733,1.5633141,,,,,load_precomputed,200,0.95,75,10
734,1.5195953,,,,,load_precomputed,200,0.95,75,10
735,0.8998048,,,,,load_precomputed,200,0.95,75,10
736,0.54131514,,,,,load_precomputed,200,0.95,75,10
737,0.4626466,,,,,load_precomputed,200,0.95,75,10
738,0.71589804,,,,,load_precomputed,200,0.95,75,10
739,2.5982246,,,,,load_precomputed,200,0.95,75,10
740,-0.35326755,,,,,load_precomputed,200,0.95,75,10
741,1.4866662,,,,,load_precomputed,200,0.95,75,10
742,-1.7808588,,,,,load_precomputed,200,0.95,75,10
743,0.13492513,,,,,load_precomputed,200,0.95,75,10
744,-1.8114465,,,,,load_precomputed,200,0.95,75,10
745,1.4199351,,,,,load_precomputed,200,0.95,75,10
746,0.8613969,,,,,load_precomputed,200,0.95,75,10
747,0.82870555,,,,,load_precomputed,200,0.95,75,10
748,-0.086531445,,,,,load_precomputed,200,0.95,75,10
749,-0.6034397,,,,,load_precomputed,200,0.95,75,10
750,-0.4394505,,,,,load_precomputed,200,0.95,75,10
751,0.011678637,,,,,load_precomputed,200,0.95,75,10
752,-1.7000746,,,,,load_precomputed,200,0.95,75,10
753,1.2349921,,,,,load_precomputed,200,0.95,75,10
754,-1.3130276,,,,,load_precomputed,200,0.95,75,10
755,-2.0534492,,,,,load_precomputed,200,0.95,75,10
756,-2.2182114,,,,,load_precomputed,200,0.95,75,10
757,-1.9831842,,,,,load_precomputed,200,0.95,75,10
758,-0.9607741,,,,,load_precomputed,200,0.95,75,10
759,-3.051278,,,,,load_precomputed,200,0.95,75,10
760,-0.7878375,,,,,load_precomputed,200,0.95,75,10
761,-2.7845979,,,,,load_precomputed,200,0.95,75,10
762,-0.1281822,,,,,load_precomputed,200,0.95,75,10
763,-3.0120173,,,,,load_precomputed,200,0.95,75,10
764,-0.40093508,,,,,load_precomputed,200,0.95,75,10
765,-2.6051536,,,,,load_precomputed,200,0.95,75,10
766,-0.32961226,,,,,load_precomputed,200,0.95,75,10
767,-0.8621167,,,,,load_precomputed,200,0.95,75,10
768,-1.2412647,,,,,load_precomputed,200,0.95,75,10
769,1.1229243,,,,,load_precomputed,200,0.95,75,10
770,-2.539518,,,,,load_precomputed,200,0.95,75,10
771,1.5541515,,,,,load_precomputed,200,0.95,75,10
772,-3.1429434,,,,,load_precomputed,200,0.95,75,10
773,2.1502798,,,,,load_precomputed,200,0.95,75,10
774,-2.3047276,,,,,load_precomputed,200,0.95,75,10
775,0.39039078,,,,,load_precomputed,200,0.95,75,10
776,-1.2061938,,,,,load_precomputed,200,0.95,75,10
777,-0.11935753,,,,,load_precomputed,200,0.95,75,10
778,-0.7492224,,,,,load_precomputed,200,0.95,75,10
779,0.2289758,,,,,load_precomputed,200,0.95,75,10
780,-1.0389591,,,,,load_precomputed,200,0.95,75,10
781,1.2235172,,,,,load_precomputed,200,0.95,75,10
782,-2.7564468,,,,,load_precomputed,200,0.95,75,10
783,1.3510183,,,,,load_precomputed,200,0.95,75,10
784,-3.1329997,,,,,load_precomputed,200,0.95,75,10
785,1.0684669,,,,,load_precomputed,200,0.95,75,10
786,-3.254035,,,,,load_precomputed,200,0.95,75,10
787,1.0041833,,,,,load_precomputed,200,0.95,75,10
788,-3.5750983,,,,,load_precomputed,200,0.95,75,10
789,1.1083767,,,,,load_precomputed,200,0.95,75,10
790,-4.088238,,,,,load_precomputed,200,0.95,75,10
791,1.0953616,,,,,load_precomputed,200,0.95,75,10
792,-3.9702013,,,,,load_precomputed,200,0.95,75,10
793,1.6797985,,,,,load_precomputed,200,0.95,75,10
794,-3.611893,,,,,load_precomputed,200,0.95,75,10
795,2.3943725,,,,,load_precomputed,200,0.95,75,10
796,-2.4222934,,,,,load_precomputed,200,0.95,75,10
797,3.009882,,,,,load_precomputed,200,0.95,75,10
798,-1.4410623,,,,,load_precomputed,200,0.95,75,10
799,1.1824976,,,,,load_precomputed,200,0.95,75,10
800,-1.1246128,,,,,load_precomputed,200,0.95,75,10
801,-0.11630218,,,,,load_precomputed,200,0.95,75,10
802,-1.1384923,,,,,load_precomputed,200,0.95,75,10
803,-1.2251525,,,,,load_precomputed,200,0.95,75,10
804,-2.836599,,,,,load_precomputed,200,0.95,75,10
805,-2.0822992,,,,,load_precomputed,200,0.95,75,10
806,-2.3202622,,,,,load_precomputed,200,0.95,75,10
807,0.2571145,,,,,load_precomputed,200,0.95,75,10
808,-2.8002174,,,,,load_precomputed,200,0.95,75,10
809,0.33932576,,,,,load_precomputed,200,0.95,75,10
810,-2.0017998,,,,,load_precomputed,200,0.95,75,10
811,2.2381952,,,,,load_precomputed,200,0.95,75,10
812,-2.52745,,,,,load_precomputed,200,0.95,75,10
813,2.4847777,,,,,load_precomputed,200,0.95,75,10
814,-2.546194,,,,,load_precomputed,200,0.95,75,10
815,1.4883463,,,,,load_precomputed,200,0.95,75,10
816,-1.51138,,,,,load_precomputed,200,0.95,75,10
817,1.0945979,,,,,load_precomputed,200,0.95,75,10
818,-2.5208256,,,,,load_precomputed,200,0.95,75,10
819,0.387667,,,,,load_precomputed,200,0.95,75,10
820,-3.7263486,,,,,load_precomputed,200,0.95,75,10
821,0.98602074,,,,,load_precomputed,200,0.95,75,10
822,-3.5443394,,,,,load_precomputed,200,0.95,75,10
823,1.6276624,,,,,load_precomputed,200,0.95,75,10
824,-1.1388125,,,,,load_precomputed,200,0.95,75,10
825,1.6100441,,,,,load_precomputed,200,0.95,75,10
826,-1.4869088,,,,,load_precomputed,200,0.95,75,10
827,-0.53786516,,,,,load_precomputed,200,0.95,75,10
828,-0.65070784,,,,,load_precomputed,200,0.95,75,10
829,-0.56211483,,,,,load_precomputed,200,0.95,75,10
830,-0.50565743,,,,,load_precomputed,200,0.95,75,10
831,1.8060504,,,,,load_precomputed,200,0.95,75,10
832,-1.2850881,,,,,load_precomputed,200,0.95,75,10
833,2.0009623,,,,,load_precomputed,200,0.95,75,10
834,-1.6228489,,,,,load_precomputed,200,0.95,75,10
835,1.9516046,,,,,load_precomputed,200,0.95,75,10
836,0.100743815,,,,,load_precomputed,200,0.95,75,10
837,1.6726109,,,,,load_precomputed,200,0.95,75,10
838,1.6741375,,,,,load_precomputed,200,0.95,75,10
839,2.501074,,,,,load_precomputed,200,0.95,75,10
840,3.3129563,,,,,load_precomputed,200,0.95,75,10
841,2.44999,,,,,load_precomputed,200,0.95,75,10
842,2.7918067,,,,,load_precomputed,200,0.95,75,10
843,3.706076,,,,,load_precomputed,200,0.95,75,10
844,2.761036,,,,,load_precomputed,200,0.95,75,10
845,3.4582057,,,,,load_precomputed,200,0.95,75,10
846,3.6543396,,,,,load_precomputed,200,0.95,75,10
847,4.4786577,,,,,load_precomputed,200,0.95,75,10
848,2.6471136,,,,,load_precomputed,200,0.95,75,10
849,3.138775,,,,,load_precomputed,200,0.95,75,10
850,1.5831486,,,,,load_precomputed,200,0.95,75,10
851,3.8703833,,,,,load_precomputed,200,0.95,75,10
852,0.85428023,,,,,load_precomputed,200,0.95,75,10
853,2.9375114,,,,,load_precomputed,200,0.95,75,10
854,0.13110717,,,,,load_precomputed,200,0.95,75,10
855,2.249743,,,,,load_precomputed,200,0.95,75,10
856,1.8266824,,,,,load_precomputed,200,0.95,75,10
857,0.85659885,,,,,load_precomputed,200,0.95,75,10
858,1.9198804,,,,,load_precomputed,200,0.95,75,10
859,1.3119084,,,,,load_precomputed,200,0.95,75,10
860,2.6976926,,,,,load_precomputed,200,0.95,75,10
861,1.6268154,,,,,load_precomputed,200,0.95,75,10
862,1.9801245,,,,,load_precomputed,200,0.95,75,10
863,2.8651936,,,,,load_precomputed,200,0.95,75,10
864,2.6184187,,,,,load_precomputed,200,0.95,75,10
865,2.926407,,,,,load_precomputed,200,0.95,75,10
866,2.4796758,,,,,load_precomputed,200,0.95,75,10
867,3.5253296,,,,,load_precomputed,200,0.95,75,10
868,3.422519,,,,,load_precomputed,200,0.95,75,10
869,2.675559,,,,,load_precomputed,200,0.95,75,10
870,2.3231578,,,,,load_precomputed,200,0.95,75,10
871,2.6244113,,,,,load_precomputed,200,0.95,75,10
872,1.0626566,,,,,load_precomputed,200,0.95,75,10
873,1.7748277,,,,,load_precomputed,200,0.95,75,10
874,-0.0022707738,,,,,load_precomputed,200,0.95,75,10
875,1.5184584,,,,,load_precomputed,200,0.95,75,10
876,0.025487727,,,,,load_precomputed,200,0.95,75,10
877,0.33096638,,,,,load_precomputed,200,0.95,75,10
878,-0.44152513,,,,,load_precomputed,200,0.95,75,10
879,0.12797105,,,,,load_precomputed,200,0.95,75,10
880,-0.7951086,,,,,load_precomputed,200,0.95,75,10
881,-0.101597294,,,,,load_precomputed,200,0.95,75,10
882,-1.598492,,,,,load_precomputed,200,0.95,75,10
883,0.5469409,,,,,load_precomputed,200,0.95,75,10
884,-2.7500694,,,,,load_precomputed,200,0.95,75,10
885,-0.13202873,,,,,load_precomputed,200,0.95,75,10
886,-1.0116651,,,,,load_precomputed,200,0.95,75,10
887,-1.4248127,,,,,load_precomputed,200,0.95,75,10
888,-2.106484,,,,,load_precomputed,200,0.95,75,10
889,-2.563697,,,,,load_precomputed,200,0.95,75,10
890,-2.542438,,,,,load_precomputed,200,0.95,75,10
891,1.510942,,,,,load_precomputed,200,0.95,75,10
892,-2.6594088,,,,,load_precomputed,200,0.95,75,10
893,1.0430305,,,,,load_precomputed,200,0.95,75,10
894,-2.8258517,,,,,load_precomputed,200,0.95,75,10
895,-0.5437962,,,,,load_precomputed,200,0.95,75,10
896,-1.9480844,,,,,load_precomputed,200,0.95,75,10
897,-1.9046954,,,,,load_precomputed,200,0.95,75,10
898,-0.2744311,,,,,load_precomputed,200,0.95,75,10
899,-2.7633753,,,,,load_precomputed,200,0.95,75,10
900,-0.13333009,,,,,load_precomputed,200,0.95,75,10
901,-3.8085408,,,,,load_precomputed,200,0.95,75,10
902,0.3558176,,,,,load_precomputed,200,0.95,75,10
903,-3.8492355,,,,,load_precomputed,200,0.95,75,10
904,-0.07865503,,,,,load_precomputed,200,0.95,75,10
905,-4.228871,,,,,load_precomputed,200,0.95,75,10
906,0.15911175,,,,,load_precomputed,200,0.95,75,10
907,-5.6402993,,,,,load_precomputed,200,0.95,75,10
908,-0.6001811,,,,,load_precomputed,200,0.95,75,10
909,-5.3296127,,,,,load_precomputed,200,0.95,75,10
910,-1.38618,,,,,load_precomputed,200,0.95,75,10
911,-6.6271234,,,,,load_precomputed,200,0.95,75,10
912,-1.1245096,,,,,load_precomputed,200,0.95,75,10
913,-5.2320495,,,,,load_precomputed,200,0.95,75,10
914,-1.5137144,,,,,load_precomputed,200,0.95,75,10
915,-3.8927572,,,,,load_precomputed,200,0.95,75,10
916,-0.5620051,,,,,load_precomputed,200,0.95,75,10
917,-1.0927739,,,,,load_precomputed,200,0.95,75,10
918,-1.849218,,,,,load_precomputed,200,0.95,75,10
919,-1.9558822,,,,,load_precomputed,200,0.95,75,10
920,-1.8997563,,,,,load_precomputed,200,0.95,75,10
921,-2.6957607,,,,,load_precomputed,200,0.95,75,10
922,-2.3005111,,,,,load_precomputed,200,0.95,75,10
923,-1.8358486,,,,,load_precomputed,200,0.95,75,10
924,-3.6556227,,,,,load_precomputed,200,0.95,75,10
925,-1.4801,,,,,load_precomputed,200,0.95,75,10
926,-3.2633197,,,,,load_precomputed,200,0.95,75,10
927,-2.4351192,,,,,load_precomputed,200,0.95,75,10
928,-4.1226373,,,,,load_precomputed,200,0.95,75,10
929,-2.0949275,,,,,load_precomputed,200,0.95,75,10
930,-3.883929,,,,,load_precomputed,200,0.95,75,10
931,-2.910093,,,,,load_precomputed,200,0.95,75,10
932,-2.6841319,,,,,load_precomputed,200,0.95,75,10
933,-3.8380966,,,,,load_precomputed,200,0.95,75,10
934,-1.6164765,,,,,load_precomputed,200,0.95,75,10
935,-2.588396,,,,,load_precomputed,200,0.95,75,10
936,-0.47417665,,,,,load_precomputed,200,0.95,75,10
937,-0.8376447,,,,,load_precomputed,200,0.95,75,10
938,-0.42409799,,,,,load_precomputed,200,0.95,75,10
939,-1.3167988,,,,,load_precomputed,200,0.95,75,10
940,0.53453565,,,,,load_precomputed,200,0.95,75,10
941,-1.3438003,,,,,load_precomputed,200,0.95,75,10
942,0.87965405,,,,,load_precomputed,200,0.95,75,10
943,-1.4186122,,,,,load_precomputed,200,0.95,75,10
944,1.5967922,,,,,load_precomputed,200,0.95,75,10
945,-2.7093782,,,,,load_precomputed,200,0.95,75,10
946,2.3933208,,,,,load_precomputed,200,0.95,75,10
947,-3.0443165,,,,,load_precomputed,200,0.95,75,10
948,1.3377512,,,,,load_precomputed,200,0.95,75,10
949,-3.3521879,,,,,load_precomputed,200,0.95,75,10
950,1.998966,,,,,load_precomputed,200,0.95,75,10
951,-2.4107559,,,,,load_precomputed,200,0.95,75,10
952,2.393997,,,,,load_precomputed,200,0.95,75,10
953,-2.5376816,,,,,load_precomputed,200,0.95,75,10
954,1.3124839,,,,,load_precomputed,200,0.95,75,10
955,-1.5603738,,,,,load_precomputed,200,0.95,75,10
956,1.78926,,,,,load_precomputed,200,0.95,75,10
957,-2.7014318,,,,,load_precomputed,200,0.95,75,10
958,-0.09506524,,,,,load_precomputed,200,0.95,75,10
959,-1.0556567,,,,,load_precomputed,200,0.95,75,10
960,-0.8798271,,,,,load_precomputed,200,0.95,75,10
961,1.1704493,,,,,load_precomputed,200,0.95,75,10
962,-2.1992075,,,,,load_precomputed,200,0.95,75,10
963,0.46112922,,,,,load_precomputed,200,0.95,75,10
964,-2.4771469,,,,,load_precomputed,200,0.95,75,10
965,1.9261044,,,,,load_precomputed,200,0.95,75,10
966,0.2956011,,,,,load_precomputed,200,0.95,75,10
967,1.0602756,,,,,load_precomputed,200,0.95,75,10
968,-0.25576514,,,,,load_precomputed,200,0.95,75,10
969,0.9552042,,,,,load_precomputed,200,0.95,75,10
970,-0.9330798,,,,,load_precomputed,200,0.95,75,10
971,1.1134422,,,,,load_precomputed,200,0.95,75,10
972,0.71134186,,,,,load_precomputed,200,0.95,75,10
973,1.7273862,,,,,load_precomputed,200,0.95,75,10
974,-1.0170172,,,,,load_precomputed,200,0.95,75,10
975,1.8785043,,,,,load_precomputed,200,0.95,75,10
976,-0.6566822,,,,,load_precomputed,200,0.95,75,10
977,4.0819616,,,,,load_precomputed,200,0.95,75,10
978,-0.7621913,,,,,load_precomputed,200,0.95,75,10
979,3.991984,,,,,load_precomputed,200,0.95,75,10
980,-0.93273467,,,,,load_precomputed,200,0.95,75,10
981,6.127343,,,,,load_precomputed,200,0.95,75,10
982,-0.13404642,,,,,load_precomputed,200,0.95,75,10
983,4.9946294,,,,,load_precomputed,200,0.95,75,10
984,-0.9501816,,,,,load_precomputed,200,0.95,75,10
985,2.508965,,,,,load_precomputed,200,0.95,75,10
986,-0.2154217,,,,,load_precomputed,200,0.95,75,10
987,0.94812256,,,,,load_precomputed,200,0.95,75,10
988,-0.6335432,,,,,load_precomputed,200,0.95,75,10
989,1.2909274,,,,,load_precomputed,200,0.95,75,10
990,-0.99110276,,,,,load_precomputed,200,0.95,75,10
991,0.40916333,,,,,load_precomputed,200,0.95,75,10
992,0.20006053,,,,,load_precomputed,200,0.95,75,10
993,1.8821961,,,,,load_precomputed,200,0.95,75,10
994,0.035768807,,,,,load_precomputed,200,0.95,75,10
995,2.055251,,,,,load_precomputed,200,0.95,75,10
996,1.3341548,,,,,load_precomputed,200,0.95,75,10
997,3.164735,,,,,load_precomputed,200,0.95,75,10
998,1.8111079,,,,,load_precomputed,200,0.95,75,10
999,2.2669933,,,,,load_precomputed,200,0.95,75,10
1000,2.1352894,,,,,load_precomputed,200,0.95,75,10
1001,2.8612258,,,,,load_precomputed,200,0.95,75,10
1002,2.3622227,,,,,load_precomputed,200,0.95,75,10
1003,2.0031931,,,,,load_precomputed,200,0.95,75,10
1004,1.9498583,,,,,load_precomputed,200,0.95,75,10
1005,1.886239,,,,,load_precomputed,200,0.95,75,10
1006,2.1275725,,,,,load_precomputed,200,0.95,75,10
1007,1.4896265,,,,,load_precomputed,200,0.95,75,10
1008,1.5588733,,,,,load_precomputed,200,0.95,75,10
1009,2.7637515,,,,,load_precomputed,200,0.95,75,10
1010,1.8037182,,,,,load_precomputed,200,0.95,75,10
1011,-0.451467,,,,,load_precomputed,200,0.95,75,10
1012,0.87963957,,,,,load_precomputed,200,0.95,75,10
1013,1.6610904,,,,,load_precomputed,200,0.95,75,10
1014,-0.35140574,,,,,load_precomputed,200,0.95,75,10
1015,-0.8427993,,,,,load_precomputed,200,0.95,75,10
1016,1.1046399,,,,,load_precomputed,200,0.95,75,10
1017,-2.4793143,,,,,load_precomputed,200,0.95,75,10
1018,-1.29591,,,,,load_precomputed,200,0.95,75,10
1019,-0.3276072,,,,,load_precomputed,200,0.95,75,10
1020,-2.0201368,,,,,load_precomputed,200,0.95,75,10
1021,-0.69571626,,,,,load_precomputed,200,0.95,75,10
1022,-0.3651675,,,,,load_precomputed,200,0.95,75,10
1023,-0.6265223,,,,,load_precomputed,200,0.95,75,10
1024,-2.0988667,,,,,load_precomputed,200,0.95,75,10
1025,0.0073124915,,,,,load_precomputed,200,0.95,75,10
1026,0.17413585,,,,,load_precomputed,200,0.95,75,10
1027,-1.1113567,,,,,load_precomputed,200,0.95,75,10
1028,1.1764531,,,,,load_precomputed,200,0.95,75,10
1029,-0.6564901,,,,,load_precomputed,200,0.95,75,10
1030,-2.3063152,,,,,load_precomputed,200,0.95,75,10
1031,0.9136316,,,,,load_precomputed,200,0.95,75,10
1032,-1.2234468,,,,,load_precomputed,200,0.95,75,10
1033,-1.507573,,,,,load_precomputed,200,0.95,75,10
1034,-0.023562914,,,,,load_precomputed,200,0.95,75,10
1035,-0.83146465,,,,,load_precomputed,200,0.95,75,10
1036,-1.2034287,,,,,load_precomputed,200,0.95,75,10
1037,-1.2955612,,,,,load_precomputed,200,0.95,75,10
1038,-0.70434856,,,,,load_precomputed,200,0.95,75,10
1039,-0.9099189,,,,,load_precomputed,200,0.95,75,10
1040,-2.3857405,,,,,load_precomputed,200,0.95,75,10
1041,-2.355828,,,,,load_precomputed,200,0.95,75,10
1042,-0.15580672,,,,,load_precomputed,200,0.95,75,10
1043,-1.2926184,,,,,load_precomputed,200,0.95,75,10
1044,-0.1416752,,,,,load_precomputed,200,0.95,75,10
1045,-0.5103919,,,,,load_precomputed,200,0.95,75,10
1046,-0.9993,,,,,load_precomputed,200,0.95,75,10
1047,-0.39034805,,,,,load_precomputed,200,0.95,75,10
1048,-0.6005504,,,,,load_precomputed,200,0.95,75,10
1049,-0.32784337,,,,,load_precomputed,200,0.95,75,10
1050,0.72842145,,,,,load_precomputed,200,0.95,75,10
1051,0.4188092,,,,,load_precomputed,200,0.95,75,10
1052,-1.1111685,,,,,load_precomputed,200,0.95,75,10
1053,-0.1032671,,,,,load_precomputed,200,0.95,75,10
1054,-0.7033003,,,,,load_precomputed,200,0.95,75,10
1055,-1.105392,,,,,load_precomputed,200,0.95,75,10
1056,-0.48489866,,,,,load_precomputed,200,0.95,75,10
1057,-0.5720407,,,,,load_precomputed,200,0.95,75,10
1058,-1.832512,,,,,load_precomputed,200,0.95,75,10
1059,-0.8459399,,,,,load_precomputed,200,0.95,75,10
1060,-0.8993488,,,,,load_precomputed,200,0.95,75,10
1061,-2.8254025,,,,,load_precomputed,200,0.95,75,10
1062,-0.84347886,,,,,load_precomputed,200,0.95,75,10
1063,-1.0564455,,,,,load_precomputed,200,0.95,75,10
1064,-1.9145292,,,,,load_precomputed,200,0.95,75,10
1065,1.4249079,,,,,load_precomputed,200,0.95,75,10
1066,0.326689,,,,,load_precomputed,200,0.95,75,10
1067,-4.2005115,,,,,load_precomputed,200,0.95,75,10
1068,1.2914339,,,,,load_precomputed,200,0.95,75,10
1069,0.3586509,,,,,load_precomputed,200,0.95,75,10
1070,-4.783782,,,,,load_precomputed,200,0.95,75,10
1071,2.2250953,,,,,load_precomputed,200,0.95,75,10
1072,0.16226445,,,,,load_precomputed,200,0.95,75,10
1073,-4.1022816,,,,,load_precomputed,200,0.95,75,10
1074,2.1777635,,,,,load_precomputed,200,0.95,75,10
1075,0.58756125,,,,,load_precomputed,200,0.95,75,10
1076,-2.2681,,,,,load_precomputed,200,0.95,75,10
1077,1.3225707,,,,,load_precomputed,200,0.95,75,10
1078,1.4352325,,,,,load_precomputed,200,0.95,75,10
1079,-3.2883189,,,,,load_precomputed,200,0.95,75,10
1080,3.6058235,,,,,load_precomputed,200,0.95,75,10
1081,1.645169,,,,,load_precomputed,200,0.95,75,10
1082,-3.5666602,,,,,load_precomputed,200,0.95,75,10
1083,2.41317,,,,,load_precomputed,200,0.95,75,10
1084,-0.1706259,,,,,load_precomputed,200,0.95,75,10
1085,-3.113295,,,,,load_precomputed,200,0.95,75,10
1086,2.8992598,,,,,load_precomputed,200,0.95,75,10
1087,-0.7264382,,,,,load_precomputed,200,0.95,75,10
1088,-2.2110996,,,,,load_precomputed,200,0.95,75,10
1089,4.6574497,,,,,load_precomputed,200,0.95,75,10
1090,-1.0671172,,,,,load_precomputed,200,0.95,75,10
1091,-1.9566739,,,,,load_precomputed,200,0.95,75,10
1092,4.44902,,,,,load_precomputed,200,0.95,75,10
1093,-1.1428154,,,,,load_precomputed,200,0.95,75,10
1094,-0.94272006,,,,,load_precomputed,200,0.95,75,10
1095,4.6269994,,,,,load_precomputed,200,0.95,75,10
1096,-2.0588322,,,,,load_precomputed,200,0.95,75,10
1097,-0.94404346,,,,,load_precomputed,200,0.95,75,10
1098,4.8483267,,,,,load_precomputed,200,0.95,75,10
1099,-3.0447767,,,,,load_precomputed,200,0.95,75,10
1100,-1.5735966,,,,,load_precomputed,200,0.95,75,10
1101,3.874599,,,,,load_precomputed,200,0.95,75,10
1102,-1.6093212,,,,,load_precomputed,200,0.95,75,10
1103,0.3004093,,,,,load_precomputed,200,0.95,75,10
1104,3.3834689,,,,,load_precomputed,200,0.95,75,10
1105,-0.38213187,,,,,load_precomputed,200,0.95,75,10
1106,2.1801958,,,,,load_precomputed,200,0.95,75,10
1107,2.9920304,,,,,load_precomputed,200,0.95,75,10
1108,-0.88496554,,,,,load_precomputed,200,0.95,75,10
1109,1.3231094,,,,,load_precomputed,200,0.95,75,10
1110,2.751393,,,,,load_precomputed,200,0.95,75,10
1111,-2.3249462,,,,,load_precomputed,200,0.95,75,10
1112,2.8773983,,,,,load_precomputed,200,0.95,75,10
1113,2.38658,,,,,load_precomputed,200,0.95,75,10
1114,-1.7114064,,,,,load_precomputed,200,0.95,75,10
1115,2.4609728,,,,,load_precomputed,200,0.95,75,10
1116,2.2602432,,,,,load_precomputed,200,0.95,75,10
1117,-1.4243828,,,,,load_precomputed,200,0.95,75,10
1118,0.824343,,,,,load_precomputed,200,0.95,75,10
1119,2.4846363,,,,,load_precomputed,200,0.95,75,10
1120,-0.41941082,,,,,load_precomputed,200,0.95,75,10
1121,0.0107524935,,,,,load_precomputed,200,0.95,75,10
1122,4.100234,,,,,load_precomputed,200,0.95,75,10
1123,-1.9118085,,,,,load_precomputed,200,0.95,75,10
1124,-0.5750994,,,,,load_precomputed,200,0.95,75,10
1125,3.8380396,,,,,load_precomputed,200,0.95,75,10
1126,-2.7229512,,,,,load_precomputed,200,0.95,75,10
1127,-2.0289114,,,,,load_precomputed,200,0.95,75,10
1128,3.173367,,,,,load_precomputed,200,0.95,75,10
1129,-1.6659197,,,,,load_precomputed,200,0.95,75,10
1130,-2.1773121,,,,,load_precomputed,200,0.95,75,10
1131,1.5965344,,,,,load_precomputed,200,0.95,75,10
1132,-2.8261576,,,,,load_precomputed,200,0.95,75,10
1133,-0.01095278,,,,,load_precomputed,200,0.95,75,10
1134,0.85223615,,,,,load_precomputed,200,0.95,75,10
1135,-3.5773098,,,,,load_precomputed,200,0.95,75,10
1136,-0.39311078,,,,,load_precomputed,200,0.95,75,10
1137,-0.59680355,,,,,load_precomputed,200,0.95,75,10
1138,-3.1602163,,,,,load_precomputed,200,0.95,75,10
1139,-1.4929867,,,,,load_precomputed,200,0.95,75,10
1140,-0.52765447,,,,,load_precomputed,200,0.95,75,10
1141,-3.1096492,,,,,load_precomputed,200,0.95,75,10
1142,-0.9902198,,,,,load_precomputed,200,0.95,75,10
1143,-1.8463515,,,,,load_precomputed,200,0.95,75,10
1144,-4.0130687,,,,,load_precomputed,200,0.95,75,10
1145,-0.31467798,,,,,load_precomputed,200,0.95,75,10
1146,-0.92914224,,,,,load_precomputed,200,0.95,75,10
1147,-2.3164937,,,,,load_precomputed,200,0.95,75,10
1148,-0.3857086,,,,,load_precomputed,200,0.95,75,10
1149,-0.6584743,,,,,load_precomputed,200,0.95,75,10
1150,-1.1762965,,,,,load_precomputed,200,0.95,75,10
1151,0.41614383,,,,,load_precomputed,200,0.95,75,10
1152,-0.92453396,,,,,load_precomputed,200,0.95,75,10
1153,-1.1980164,,,,,load_precomputed,200,0.95,75,10
1154,-0.89683384,,,,,load_precomputed,200,0.95,75,10
1155,-0.24794856,,,,,load_precomputed,200,0.95,75,10
1156,-2.1460118,,,,,load_precomputed,200,0.95,75,10
1157,-1.5988786,,,,,load_precomputed,200,0.95,75,10
1158,0.023917325,,,,,load_precomputed,200,0.95,75,10
1159,-0.6532877,,,,,load_precomputed,200,0.95,75,10
1160,-1.7699416,,,,,load_precomputed,200,0.95,75,10
1161,-0.97169256,,,,,load_precomputed,200,0.95,75,10
1162,-0.32694492,,,,,load_precomputed,200,0.95,75,10
1163,-1.2149649,,,,,load_precomputed,200,0.95,75,10
1164,-0.1406592,,,,,load_precomputed,200,0.95,75,10
1165,-1.3048687,,,,,load_precomputed,200,0.95,75,10
1166,-1.7711493,,,,,load_precomputed,200,0.95,75,10
1167,0.40162808,,,,,load_precomputed,200,0.95,75,10
1168,-2.0412319,,,,,load_precomputed,200,0.95,75,10
1169,-1.1386173,,,,,load_precomputed,200,0.95,75,10
1170,-0.7008218,,,,,load_precomputed,200,0.95,75,10
1171,-1.0875245,,,,,load_precomputed,200,0.95,75,10
1172,-1.8131491,,,,,load_precomputed,200,0.95,75,10
1173,-1.6230086,,,,,load_precomputed,200,0.95,75,10
1174,0.18675002,,,,,load_precomputed,200,0.95,75,10
1175,-3.3015707,,,,,load_precomputed,200,0.95,75,10
1176,-3.0685134,,,,,load_precomputed,200,0.95,75,10
1177,0.37305796,,,,,load_precomputed,200,0.95,75,10
1178,-1.2971972,,,,,load_precomputed,200,0.95,75,10
1179,-2.6872234,,,,,load_precomputed,200,0.95,75,10
1180,-1.7140028,,,,,load_precomputed,200,0.95,75,10
1181,-0.011897487,,,,,load_precomputed,200,0.95,75,10
1182,-2.139411,,,,,load_precomputed,200,0.95,75,10
1183,-1.9063383,,,,,load_precomputed,200,0.95,75,10
1184,-0.47788328,,,,,load_precomputed,200,0.95,75,10
1185,0.012614265,,,,,load_precomputed,200,0.95,75,10
1186,-2.6894138,,,,,load_precomputed,200,0.95,75,10
1187,0.29231873,,,,,load_precomputed,200,0.95,75,10
1188,0.41670728,,,,,load_precomputed,200,0.95,75,10
1189,-3.8288279,,,,,load_precomputed,200,0.95,75,10
1190,0.25751492,,,,,load_precomputed,200,0.95,75,10
1191,0.45459366,,,,,load_precomputed,200,0.95,75,10
1192,-1.3883834,,,,,load_precomputed,200,0.95,75,10
1193,0.5749415,,,,,load_precomputed,200,0.95,75,10
1194,0.16261303,,,,,load_precomputed,200,0.95,75,10
1195,-1.0309767,,,,,load_precomputed,200,0.95,75,10
1196,-0.20395185,,,,,load_precomputed,200,0.95,75,10
1197,-0.30391803,,,,,load_precomputed,200,0.95,75,10
1198,-1.4217745,,,,,load_precomputed,200,0.95,75,10
1199,1.4081603,,,,,load_precomputed,200,0.95,75,10
1200,1.5378987,,,,,load_precomputed,200,0.95,75,10
1201,-1.0659175,,,,,load_precomputed,200,0.95,75,10
1202,1.4008777,,,,,load_precomputed,200,0.95,75,10
1203,1.4899789,,,,,load_precomputed,200,0.95,75,10
1204,-0.2513925,,,,,load_precomputed,200,0.95,75,10
1205,1.4951816,,,,,load_precomputed,200,0.95,75,10
1206,1.7115963,,,,,load_precomputed,200,0.95,75,10
1207,-0.62209404,,,,,load_precomputed,200,0.95,75,10
1208,0.30052435,,,,,load_precomputed,200,0.95,75,10
1209,0.5116292,,,,,load_precomputed,200,0.95,75,10
1210,-1.7302477,,,,,load_precomputed,200,0.95,75,10
1211,0.2279035,,,,,load_precomputed,200,0.95,75,10
1212,-0.34729183,,,,,load_precomputed,200,0.95,75,10
1213,-3.3344643,,,,,load_precomputed,200,0.95,75,10
1214,1.6783969,,,,,load_precomputed,200,0.95,75,10
1215,-2.7239294,,,,,load_precomputed,200,0.95,75,10
1216,-2.4536126,,,,,load_precomputed,200,0.95,75,10
1217,0.37138474,,,,,load_precomputed,200,0.95,75,10
1218,-3.7752364,,,,,load_precomputed,200,0.95,75,10
1219,0.75882536,,,,,load_precomputed,200,0.95,75,10
1220,-1.1349236,,,,,load_precomputed,200,0.95,75,10
1221,-3.6169724,,,,,load_precomputed,200,0.95,75,10
1222,0.35730943,,,,,load_precomputed,200,0.95,75,10
1223,-2.0750935,,,,,load_precomputed,200,0.95,75,10
1224,-1.7593646,,,,,load_precomputed,200,0.95,75,10
1225,-0.54064924,,,,,load_precomputed,200,0.95,75,10
1226,-0.6296934,,,,,load_precomputed,200,0.95,75,10
1227,-1.4747312,,,,,load_precomputed,200,0.95,75,10
1228,0.42218146,,,,,load_precomputed,200,0.95,75,10
1229,-0.40603384,,,,,load_precomputed,200,0.95,75,10
1230,-1.2581468,,,,,load_precomputed,200,0.95,75,10
1231,-0.0060728346,,,,,load_precomputed,200,0.95,75,10
1232,-1.1044954,,,,,load_precomputed,200,0.95,75,10
1233,-0.6221249,,,,,load_precomputed,200,0.95,75,10
1234,0.83616984,,,,,load_precomputed,200,0.95,75,10
1235,-2.382424,,,,,load_precomputed,200,0.95,75,10
1236,0.019543733,,,,,load_precomputed,200,0.95,75,10
1237,-1.9345866,,,,,load_precomputed,200,0.95,75,10
1238,-1.0267756,,,,,load_precomputed,200,0.95,75,10
1239,-1.2382985,,,,,load_precomputed,200,0.95,75,10
1240,-0.8097819,,,,,load_precomputed,200,0.95,75,10
1241,-0.249066,,,,,load_precomputed,200,0.95,75,10
1242,-1.1373278,,,,,load_precomputed,200,0.95,75,10
1243,-0.5930421,,,,,load_precomputed,200,0.95,75,10
1244,-1.4148802,,,,,load_precomputed,200,0.95,75,10
1245,0.015677227,,,,,load_precomputed,200,0.95,75,10
1246,0.046485495,,,,,load_precomputed,200,0.95,75,10
1247,-0.57357717,,,,,load_precomputed,200,0.95,75,10
1248,0.60046196,,,,,load_precomputed,200,0.95,75,10
1249,0.693,,,,,load_precomputed,200,0.95,75,10
1250,0.6376929,,,,,load_precomputed,200,0.95,75,10
1251,2.4865024,,,,,load_precomputed,200,0.95,75,10
1252,1.4698488,,,,,load_precomputed,200,0.95,75,10
1253,-0.616048,,,,,load_precomputed,200,0.95,75,10
1254,1.1632335,,,,,load_precomputed,200,0.95,75,10
1255,1.408011,,,,,load_precomputed,200,0.95,75,10
1256,0.73464674,,,,,load_precomputed,200,0.95,75,10
1257,1.4152428,,,,,load_precomputed,200,0.95,75,10
1258,1.9762772,,,,,load_precomputed,200,0.95,75,10
1259,1.0850397,,,,,load_precomputed,200,0.95,75,10
1260,0.9558086,,,,,load_precomputed,200,0.95,75,10
1261,2.3524926,,,,,load_precomputed,200,0.95,75,10
1262,0.9155935,,,,,load_precomputed,200,0.95,75,10
1263,-1.6688622,,,,,load_precomputed,200,0.95,75,10
1264,2.5555902,,,,,load_precomputed,200,0.95,75,10
1265,0.3350646,,,,,load_precomputed,200,0.95,75,10
1266,-2.330674,,,,,load_precomputed,200,0.95,75,10
1267,2.7032452,,,,,load_precomputed,200,0.95,75,10
1268,0.5523854,,,,,load_precomputed,200,0.95,75,10
1269,-2.9254243,,,,,load_precomputed,200,0.95,75,10
1270,1.8599297,,,,,load_precomputed,200,0.95,75,10
1271,-0.010312008,,,,,load_precomputed,200,0.95,75,10
1272,-2.1512618,,,,,load_precomputed,200,0.95,75,10
1273,3.1594596,,,,,load_precomputed,200,0.95,75,10
1274,-0.4005875,,,,,load_precomputed,200,0.95,75,10
1275,-0.044577725,,,,,load_precomputed,200,0.95,75,10
1276,2.3921204,,,,,load_precomputed,200,0.95,75,10
1277,0.9580533,,,,,load_precomputed,200,0.95,75,10
1278,0.0098104235,,,,,load_precomputed,200,0.95,75,10
1279,0.6864608,,,,,load_precomputed,200,0.95,75,10
1280,1.5578525,,,,,load_precomputed,200,0.95,75,10
1281,1.4658825,,,,,load_precomputed,200,0.95,75,10
1282,-0.053365707,,,,,load_precomputed,200,0.95,75,10
1283,2.21317,,,,,load_precomputed,200,0.95,75,10
1284,1.5552796,,,,,load_precomputed,200,0.95,75,10
1285,0.37797022,,,,,load_precomputed,200,0.95,75,10
1286,2.7412474,,,,,load_precomputed,200,0.95,75,10
1287,1.8387765,,,,,load_precomputed,200,0.95,75,10
1288,0.9464183,,,,,load_precomputed,200,0.95,75,10
1289,3.3332539,,,,,load_precomputed,200,0.95,75,10
1290,1.8772963,,,,,load_precomputed,200,0.95,75,10
1291,-0.78631204,,,,,load_precomputed,200,0.95,75,10
1292,4.259725,,,,,load_precomputed,200,0.95,75,10
1293,2.4962628,,,,,load_precomputed,200,0.95,75,10
1294,0.64020175,,,,,load_precomputed,200,0.95,75,10
1295,2.438079,,,,,load_precomputed,200,0.95,75,10
1296,2.596554,,,,,load_precomputed,200,0.95,75,10
1297,-0.3344661,,,,,load_precomputed,200,0.95,75,10
1298,1.5978558,,,,,load_precomputed,200,0.95,75,10
1299,0.71085316,,,,,load_precomputed,200,0.95,75,10
1300,-1.3812292,,,,,load_precomputed,200,0.95,75,10
1301,1.5360886,,,,,load_precomputed,200,0.95,75,10
1302,1.6433696,,,,,load_precomputed,200,0.95,75,10
1303,-1.2062714,,,,,load_precomputed,200,0.95,75,10
1304,1.654238,,,,,load_precomputed,200,0.95,75,10
1305,0.6862984,,,,,load_precomputed,200,0.95,75,10
1306,-2.4595761,,,,,load_precomputed,200,0.95,75,10
1307,0.82282287,,,,,load_precomputed,200,0.95,75,10
1308,1.2370551,,,,,load_precomputed,200,0.95,75,10
1309,-1.7849443,,,,,load_precomputed,200,0.95,75,10
1310,0.4126584,,,,,load_precomputed,200,0.95,75,10
1311,2.4236178,,,,,load_precomputed,200,0.95,75,10
1312,-2.2435257,,,,,load_precomputed,200,0.95,75,10
1313,-0.7245143,,,,,load_precomputed,200,0.95,75,10
1314,2.9174972,,,,,load_precomputed,200,0.95,75,10
1315,-1.7491164,,,,,load_precomputed,200,0.95,75,10
1316,-0.67635995,,,,,load_precomputed,200,0.95,75,10
1317,3.6124,,,,,load_precomputed,200,0.95,75,10
1318,-0.28267694,,,,,load_precomputed,200,0.95,75,10
1319,0.1311837,,,,,load_precomputed,200,0.95,75,10
1320,3.666289,,,,,load_precomputed,200,0.95,75,10
1321,1.3779227,,,,,load_precomputed,200,0.95,75,10
1322,0.055735733,,,,,load_precomputed,200,0.95,75,10
1323,3.1231103,,,,,load_precomputed,200,0.95,75,10
1324,1.100212,,,,,load_precomputed,200,0.95,75,10
1325,0.61623734,,,,,load_precomputed,200,0.95,75,10
1326,5.3100257,,,,,load_precomputed,200,0.95,75,10
1327,2.5507388,,,,,load_precomputed,200,0.95,75,10
1328,3.1876307,,,,,load_precomputed,200,0.95,75,10
1329,4.1777925,,,,,load_precomputed,200,0.95,75,10
1330,2.96518,,,,,load_precomputed,200,0.95,75,10
1331,3.0569296,,,,,load_precomputed,200,0.95,75,10
1332,3.7043207,,,,,load_precomputed,200,0.95,75,10
1333,3.4220703,,,,,load_precomputed,200,0.95,75,10
1334,3.1478357,,,,,load_precomputed,200,0.95,75,10
1335,1.9719176,,,,,load_precomputed,200,0.95,75,10
1336,5.4281588,,,,,load_precomputed,200,0.95,75,10
1337,3.614121,,,,,load_precomputed,200,0.95,75,10
1338,2.005729,,,,,load_precomputed,200,0.95,75,10
1339,5.210501,,,,,load_precomputed,200,0.95,75,10
1340,2.7140317,,,,,load_precomputed,200,0.95,75,10
1341,2.8276408,,,,,load_precomputed,200,0.95,75,10
1342,3.3097377,,,,,load_precomputed,200,0.95,75,10
1343,2.562594,,,,,load_precomputed,200,0.95,75,10
1344,3.6988876,,,,,load_precomputed,200,0.95,75,10
1345,3.9787035,,,,,load_precomputed,200,0.95,75,10
1346,1.9656708,,,,,load_precomputed,200,0.95,75,10
1347,3.387553,,,,,load_precomputed,200,0.95,75,10
1348,2.0609548,,,,,load_precomputed,200,0.95,75,10
1349,3.130849,,,,,load_precomputed,200,0.95,75,10
1350,2.3218284,,,,,load_precomputed,200,0.95,75,10
1351,0.595283,,,,,load_precomputed,200,0.95,75,10
1352,4.066784,,,,,load_precomputed,200,0.95,75,10
1353,1.5436509,,,,,load_precomputed,200,0.95,75,10
1354,-0.32990792,,,,,load_precomputed,200,0.95,75,10
1355,4.109523,,,,,load_precomputed,200,0.95,75,10
1356,1.6828656,,,,,load_precomputed,200,0.95,75,10
1357,0.20412447,,,,,load_precomputed,200,0.95,75,10
1358,5.503284,,,,,load_precomputed,200,0.95,75,10
1359,1.872568,,,,,load_precomputed,200,0.95,75,10
1360,-1.3030137,,,,,load_precomputed,200,0.95,75,10
1361,6.342728,,,,,load_precomputed,200,0.95,75,10
1362,-0.39922348,,,,,load_precomputed,200,0.95,75,10
1363,-2.7759702,,,,,load_precomputed,200,0.95,75,10
1364,4.313445,,,,,load_precomputed,200,0.95,75,10
1365,-1.2096779,,,,,load_precomputed,200,0.95,75,10
1366,-2.5484273,,,,,load_precomputed,200,0.95,75,10
1367,3.0479712,,,,,load_precomputed,200,0.95,75,10
1368,-1.6980578,,,,,load_precomputed,200,0.95,75,10
1369,-2.0281758,,,,,load_precomputed,200,0.95,75,10
1370,1.9275577,,,,,load_precomputed,200,0.95,75,10
1371,-1.7612342,,,,,load_precomputed,200,0.95,75,10
1372,-1.7042414,,,,,load_precomputed,200,0.95,75,10
1373,1.2388947,,,,,load_precomputed,200,0.95,75,10
1374,-1.398212,,,,,load_precomputed,200,0.95,75,10
1375,-2.4177275,,,,,load_precomputed,200,0.95,75,10
1376,1.1534904,,,,,load_precomputed,200,0.95,75,10
1377,-0.26118764,,,,,load_precomputed,200,0.95,75,10
1378,-2.0603647,,,,,load_precomputed,200,0.95,75,10
1379,-0.36550456,,,,,load_precomputed,200,0.95,75,10
1380,-0.21490593,,,,,load_precomputed,200,0.95,75,10
1381,-1.9534247,,,,,load_precomputed,200,0.95,75,10
1382,0.054816127,,,,,load_precomputed,200,0.95,75,10
1383,-0.028768493,,,,,load_precomputed,200,0.95,75,10
1384,-2.9770348,,,,,load_precomputed,200,0.95,75,10
1385,-0.46239993,,,,,load_precomputed,200,0.95,75,10
1386,-0.11749711,,,,,load_precomputed,200,0.95,75,10
1387,-2.6199915,,,,,load_precomputed,200,0.95,75,10
1388,1.0562838,,,,,load_precomputed,200,0.95,75,10
1389,-0.06944274,,,,,load_precomputed,200,0.95,75,10
1390,0.25474888,,,,,load_precomputed,200,0.95,75,10
1391,0.8638814,,,,,load_precomputed,200,0.95,75,10
1392,0.07390646,,,,,load_precomputed,200,0.95,75,10
1393,-0.08145868,,,,,load_precomputed,200,0.95,75,10
1394,-0.2719636,,,,,load_precomputed,200,0.95,75,10
1395,-1.031333,,,,,load_precomputed,200,0.95,75,10
1396,0.94091135,,,,,load_precomputed,200,0.95,75,10
1397,-0.50957906,,,,,load_precomputed,200,0.95,75,10
1398,-1.137639,,,,,load_precomputed,200,0.95,75,10
1399,0.7008519,,,,,load_precomputed,200,0.95,75,10
1400,-1.0538789,,,,,load_precomputed,200,0.95,75,10
1401,-0.45304686,,,,,load_precomputed,200,0.95,75,10
1402,2.014063,,,,,load_precomputed,200,0.95,75,10
1403,-1.6482234,,,,,load_precomputed,200,0.95,75,10
1404,-0.6679882,,,,,load_precomputed,200,0.95,75,10
1405,3.605354,,,,,load_precomputed,200,0.95,75,10
1406,-3.5457933,,,,,load_precomputed,200,0.95,75,10
1407,-1.6106744,,,,,load_precomputed,200,0.95,75,10
1408,2.6035793,,,,,load_precomputed,200,0.95,75,10
1409,-2.894077,,,,,load_precomputed,200,0.95,75,10
1410,0.3682173,,,,,load_precomputed,200,0.95,75,10
1411,1.2107582,,,,,load_precomputed,200,0.95,75,10
1412,-1.8132523,,,,,load_precomputed,200,0.95,75,10
1413,0.8900833,,,,,load_precomputed,200,0.95,75,10
1414,1.2400959,,,,,load_precomputed,200,0.95,75,10
1415,-2.3135679,,,,,load_precomputed,200,0.95,75,10
1416,0.38343328,,,,,load_precomputed,200,0.95,75,10
1417,0.84356767,,,,,load_precomputed,200,0.95,75,10
1418,-2.0800264,,,,,load_precomputed,200,0.95,75,10
1419,-0.006137838,,,,,load_precomputed,200,0.95,75,10
1420,3.0054402,,,,,load_precomputed,200,0.95,75,10
1421,-2.5471613,,,,,load_precomputed,200,0.95,75,10
1422,-1.0333012,,,,,load_precomputed,200,0.95,75,10
1423,1.9790261,,,,,load_precomputed,200,0.95,75,10
1424,-1.751075,,,,,load_precomputed,200,0.95,75,10
1425,-0.23489225,,,,,load_precomputed,200,0.95,75,10
1426,1.1489925,,,,,load_precomputed,200,0.95,75,10
1427,-2.2568824,,,,,load_precomputed,200,0.95,75,10
1428,-0.65824395,,,,,load_precomputed,200,0.95,75,10
1429,1.7575032,,,,,load_precomputed,200,0.95,75,10
1430,-1.3762225,,,,,load_precomputed,200,0.95,75,10
1431,-0.8880476,,,,,load_precomputed,200,0.95,75,10
1432,0.74386275,,,,,load_precomputed,200,0.95,75,10
1433,-1.7703071,,,,,load_precomputed,200,0.95,75,10
1434,-1.4030284,,,,,load_precomputed,200,0.95,75,10
1435,-1.0380127,,,,,load_precomputed,200,0.95,75,10
1436,-2.915237,,,,,load_precomputed,200,0.95,75,10
1437,-1.4715157,,,,,load_precomputed,200,0.95,75,10
1438,-0.62367713,,,,,load_precomputed,200,0.95,75,10
1439,-1.9914019,,,,,load_precomputed,200,0.95,75,10
1440,-0.6157498,,,,,load_precomputed,200,0.95,75,10
1441,-0.6654381,,,,,load_precomputed,200,0.95,75,10
1442,-2.0323007,,,,,load_precomputed,200,0.95,75,10
1443,-1.9239315,,,,,load_precomputed,200,0.95,75,10
1444,0.0017346491,,,,,load_precomputed,200,0.95,75,10
1445,-1.1976337,,,,,load_precomputed,200,0.95,75,10
1446,-2.2110498,,,,,load_precomputed,200,0.95,75,10
1447,-0.1376437,,,,,load_precomputed,200,0.95,75,10
1448,-1.817559,,,,,load_precomputed,200,0.95,75,10
1449,-1.2308327,,,,,load_precomputed,200,0.95,75,10
1450,-1.2022266,,,,,load_precomputed,200,0.95,75,10
1451,-2.567488,,,,,load_precomputed,200,0.95,75,10
1452,-1.1257108,,,,,load_precomputed,200,0.95,75,10
1453,-1.6671523,,,,,load_precomputed,200,0.95,75,10
1454,-2.335372,,,,,load_precomputed,200,0.95,75,10
1455,-2.0804245,,,,,load_precomputed,200,0.95,75,10
1456,-0.6527111,,,,,load_precomputed,200,0.95,75,10
1457,-1.6333661,,,,,load_precomputed,200,0.95,75,10
1458,-1.0201752,,,,,load_precomputed,200,0.95,75,10
1459,-0.23378736,,,,,load_precomputed,200,0.95,75,10
1460,-1.1974148,,,,,load_precomputed,200,0.95,75,10
1461,-1.0547943,,,,,load_precomputed,200,0.95,75,10
1462,0.31680167,,,,,load_precomputed,200,0.95,75,10
1463,-0.5894102,,,,,load_precomputed,200,0.95,75,10
1464,-0.06859482,,,,,load_precomputed,200,0.95,75,10
1465,0.7283087,,,,,load_precomputed,200,0.95,75,10
1466,-2.3191142,,,,,load_precomputed,200,0.95,75,10
1467,0.6008265,,,,,load_precomputed,200,0.95,75,10
1468,0.41933915,,,,,load_precomputed,200,0.95,75,10
1469,-1.3651245,,,,,load_precomputed,200,0.95,75,10
1470,-0.04517304,,,,,load_precomputed,200,0.95,75,10
1471,1.100056,,,,,load_precomputed,200,0.95,75,10
1472,0.6946291,,,,,load_precomputed,200,0.95,75,10
1473,-0.8044899,,,,,load_precomputed,200,0.95,75,10
1474,0.5485735,,,,,load_precomputed,200,0.95,75,10
1475,3.8478158,,,,,load_precomputed,200,0.95,75,10
1476,-1.1912496,,,,,load_precomputed,200,0.95,75,10
1477,1.639738,,,,,load_precomputed,200,0.95,75,10
1478,5.159388,,,,,load_precomputed,200,0.95,75,10
1479,-3.672978,,,,,load_precomputed,200,0.95,75,10
1480,2.6931806,,,,,load_precomputed,200,0.95,75,10
1481,4.4652267,,,,,load_precomputed,200,0.95,75,10
1482,-3.6388261,,,,,load_precomputed,200,0.95,75,10
1483,2.787818,,,,,load_precomputed,200,0.95,75,10
1484,4.673317,,,,,load_precomputed,200,0.95,75,10
1485,-2.1440287,,,,,load_precomputed,200,0.95,75,10
1486,1.1451648,,,,,load_precomputed,200,0.95,75,10
1487,4.213693,,,,,load_precomputed,200,0.95,75,10
1488,-1.3749381,,,,,load_precomputed,200,0.95,75,10
1489,2.4275098,,,,,load_precomputed,200,0.95,75,10
1490,4.41369,,,,,load_precomputed,200,0.95,75,10
1491,-0.8868742,,,,,load_precomputed,200,0.95,75,10
1492,3.6568885,,,,,load_precomputed,200,0.95,75,10
1493,3.9413657,,,,,load_precomputed,200,0.95,75,10
1494,-3.0949244,,,,,load_precomputed,200,0.95,75,10
1495,2.6229806,,,,,load_precomputed,200,0.95,75,10
1496,2.7105176,,,,,load_precomputed,200,0.95,75,10
1497,-0.89004886,,,,,load_precomputed,200,0.95,75,10
1498,2.1238759,,,,,load_precomputed,200,0.95,75,10
1499,2.6844716,,,,,load_precomputed,200,0.95,75,10
